chunk_id,article_url,article_title,section_category,chunk_index,total_chunks_in_article,word_count,estimated_tokens,chunk_type,has_code,has_list,heading_breadcrumb
halo_3ee70b90_000_3731dd553fc4,https://usehalo.com/guide/introduction-to-halopsa/,Introduction to HaloPSA,An Introduction to HaloPSA,0,9,217,292,structural_h2,False,False,Introduction to HaloPSA
halo_3ee70b90_001_eff017f1d652,https://usehalo.com/guide/introduction-to-halopsa/,Introduction to HaloPSA,An Introduction to HaloPSA,1,9,366,494,fixed_window,False,False,Introduction to HaloPSA > Section 1 > (part 1)
halo_3ee70b90_002_d3c6b001172a,https://usehalo.com/guide/introduction-to-halopsa/,Introduction to HaloPSA,An Introduction to HaloPSA,2,9,143,193,fixed_window,False,False,Introduction to HaloPSA > Section 1 > (part 2)
halo_3ee70b90_003_7545b368f2ac,https://usehalo.com/guide/introduction-to-halopsa/,Introduction to HaloPSA,An Introduction to HaloPSA,3,9,366,494,fixed_window,False,False,Introduction to HaloPSA > Section 2 > (part 1)
halo_3ee70b90_004_b142d98608e9,https://usehalo.com/guide/introduction-to-halopsa/,Introduction to HaloPSA,An Introduction to HaloPSA,4,9,143,193,fixed_window,False,False,Introduction to HaloPSA > Section 2 > (part 2)
halo_3ee70b90_005_4525ec138421,https://usehalo.com/guide/introduction-to-halopsa/,Introduction to HaloPSA,An Introduction to HaloPSA,5,9,366,494,fixed_window,False,False,Introduction to HaloPSA > Section 3 > (part 1)
halo_3ee70b90_006_d528700b25d9,https://usehalo.com/guide/introduction-to-halopsa/,Introduction to HaloPSA,An Introduction to HaloPSA,6,9,143,193,fixed_window,False,False,Introduction to HaloPSA > Section 3 > (part 2)
halo_3ee70b90_007_9f14a0e09ecf,https://usehalo.com/guide/introduction-to-halopsa/,Introduction to HaloPSA,An Introduction to HaloPSA,7,9,366,494,fixed_window,False,False,Introduction to HaloPSA > Section 4 > (part 1)
halo_3ee70b90_008_707ef70f53b9,https://usehalo.com/guide/introduction-to-halopsa/,Introduction to HaloPSA,An Introduction to HaloPSA,8,9,143,193,fixed_window,False,False,Introduction to HaloPSA > Section 4 > (part 2)
halo_bb330a72_000_51037f1f1ea9,https://usehalo.com/guide/self-service-portal/,Self Service Portal,Self Service Portal,0,9,181,244,structural_h2,False,False,Self Service Portal
halo_bb330a72_001_a092fdd0e7dd,https://usehalo.com/guide/self-service-portal/,Self Service Portal,Self Service Portal,1,9,365,492,fixed_window,False,False,Self Service Portal > Section 1 > (part 1)
halo_bb330a72_002_677956f69d8e,https://usehalo.com/guide/self-service-portal/,Self Service Portal,Self Service Portal,2,9,62,83,fixed_window,False,False,Self Service Portal > Section 1 > (part 2)
halo_bb330a72_003_54524eb52389,https://usehalo.com/guide/self-service-portal/,Self Service Portal,Self Service Portal,3,9,365,492,fixed_window,False,False,Self Service Portal > Section 2 > (part 1)
halo_bb330a72_004_677956f69d8e,https://usehalo.com/guide/self-service-portal/,Self Service Portal,Self Service Portal,4,9,62,83,fixed_window,False,False,Self Service Portal > Section 2 > (part 2)
halo_bb330a72_005_ded4606da2e2,https://usehalo.com/guide/self-service-portal/,Self Service Portal,Self Service Portal,5,9,365,492,fixed_window,False,False,Self Service Portal > Section 3 > (part 1)
halo_bb330a72_006_677956f69d8e,https://usehalo.com/guide/self-service-portal/,Self Service Portal,Self Service Portal,6,9,62,83,fixed_window,False,False,Self Service Portal > Section 3 > (part 2)
halo_bb330a72_007_06c6b6791135,https://usehalo.com/guide/self-service-portal/,Self Service Portal,Self Service Portal,7,9,365,492,fixed_window,False,False,Self Service Portal > Section 4 > (part 1)
halo_bb330a72_008_677956f69d8e,https://usehalo.com/guide/self-service-portal/,Self Service Portal,Self Service Portal,8,9,62,83,fixed_window,False,False,Self Service Portal > Section 4 > (part 2)
halo_e627317e_000_636d6e301e89,https://usehalo.com/guide/super-ops-rmm-integration/,Super Ops RMM Integration,Integrations,0,9,158,213,structural_h2,False,False,Super Ops RMM Integration
halo_e627317e_001_e03530a89a5e,https://usehalo.com/guide/super-ops-rmm-integration/,Super Ops RMM Integration,Integrations,1,9,176,237,structural_h2,False,False,Super Ops RMM Integration > Section 1
halo_e627317e_002_d5a20e5454b1,https://usehalo.com/guide/super-ops-rmm-integration/,Super Ops RMM Integration,Integrations,2,9,176,237,structural_h2,False,False,Super Ops RMM Integration > Section 2
halo_e627317e_003_6253a16d3135,https://usehalo.com/guide/super-ops-rmm-integration/,Super Ops RMM Integration,Integrations,3,9,176,237,structural_h2,False,False,Super Ops RMM Integration > Section 3
halo_e627317e_004_0de6897446fc,https://usehalo.com/guide/super-ops-rmm-integration/,Super Ops RMM Integration,Integrations,4,9,176,237,structural_h2,False,False,Super Ops RMM Integration > Section 4
halo_e627317e_005_e49e361ec0b7,https://usehalo.com/guide/super-ops-rmm-integration/,Super Ops RMM Integration,Integrations,5,9,176,237,structural_h2,False,False,Super Ops RMM Integration > Section 5
halo_e627317e_006_e5a9549a8b5f,https://usehalo.com/guide/super-ops-rmm-integration/,Super Ops RMM Integration,Integrations,6,9,176,237,structural_h2,False,False,Super Ops RMM Integration > Section 6
halo_e627317e_007_0efbf4e25f6d,https://usehalo.com/guide/super-ops-rmm-integration/,Super Ops RMM Integration,Integrations,7,9,176,237,structural_h2,False,False,Super Ops RMM Integration > Section 7
halo_e627317e_008_1cd7df08c070,https://usehalo.com/guide/super-ops-rmm-integration/,Super Ops RMM Integration,Integrations,8,9,176,237,structural_h2,False,False,Super Ops RMM Integration > Section 8
halo_a4822602_000_3ee790bace60,https://usehalo.com/guide/scheduled-tickets-2/,Scheduled Tickets,Tickets,0,7,173,233,structural_h2,False,False,Scheduled Tickets
halo_a4822602_001_0a8061e164d9,https://usehalo.com/guide/scheduled-tickets-2/,Scheduled Tickets,Tickets,1,7,247,333,structural_h2,False,False,Scheduled Tickets > Section 1
halo_a4822602_002_92ef5a2db3b1,https://usehalo.com/guide/scheduled-tickets-2/,Scheduled Tickets,Tickets,2,7,247,333,structural_h2,False,False,Scheduled Tickets > Section 2
halo_a4822602_003_76ef02db061c,https://usehalo.com/guide/scheduled-tickets-2/,Scheduled Tickets,Tickets,3,7,247,333,structural_h2,False,False,Scheduled Tickets > Section 3
halo_a4822602_004_bae427eea742,https://usehalo.com/guide/scheduled-tickets-2/,Scheduled Tickets,Tickets,4,7,247,333,structural_h2,False,False,Scheduled Tickets > Section 4
halo_a4822602_005_fe3c528f1c65,https://usehalo.com/guide/scheduled-tickets-2/,Scheduled Tickets,Tickets,5,7,247,333,structural_h2,False,False,Scheduled Tickets > Section 5
halo_a4822602_006_1dc2db6ef785,https://usehalo.com/guide/scheduled-tickets-2/,Scheduled Tickets,Tickets,6,7,247,333,structural_h2,False,False,Scheduled Tickets > Section 6
halo_0bdcaea5_000_d33d49ce6828,https://usehalo.com/guide/email-general-settings/,Email (General Settings),Email Configuration,0,3,72,97,structural_h2,False,False,Email (General Settings)
halo_0bdcaea5_001_f45d0876f122,https://usehalo.com/guide/email-general-settings/,Email (General Settings),Email Configuration,1,3,362,488,fixed_window,False,False,Email (General Settings) > Section 1 > (part 1)
halo_0bdcaea5_002_8ecba966f33b,https://usehalo.com/guide/email-general-settings/,Email (General Settings),Email Configuration,2,3,270,364,fixed_window,False,False,Email (General Settings) > Section 1 > (part 2)
halo_06e20ff0_000_c4dff7ecfc39,https://usehalo.com/guide/azure-devops-integration/,Azure DevOps Integration,Integrations,0,7,175,236,structural_h2,False,False,Azure DevOps Integration
halo_06e20ff0_001_67fff9dfa6ab,https://usehalo.com/guide/azure-devops-integration/,Azure DevOps Integration,Integrations,1,7,266,359,structural_h2,False,False,Azure DevOps Integration > Section 1
halo_06e20ff0_002_f05825e5b442,https://usehalo.com/guide/azure-devops-integration/,Azure DevOps Integration,Integrations,2,7,266,359,structural_h2,False,False,Azure DevOps Integration > Section 2
halo_06e20ff0_003_789e23f4384c,https://usehalo.com/guide/azure-devops-integration/,Azure DevOps Integration,Integrations,3,7,266,359,structural_h2,False,False,Azure DevOps Integration > Section 3
halo_06e20ff0_004_9ac3410f756d,https://usehalo.com/guide/azure-devops-integration/,Azure DevOps Integration,Integrations,4,7,266,359,structural_h2,False,False,Azure DevOps Integration > Section 4
halo_06e20ff0_005_6381b9219939,https://usehalo.com/guide/azure-devops-integration/,Azure DevOps Integration,Integrations,5,7,266,359,structural_h2,False,False,Azure DevOps Integration > Section 5
halo_06e20ff0_006_b7d1c5909224,https://usehalo.com/guide/azure-devops-integration/,Azure DevOps Integration,Integrations,6,7,266,359,structural_h2,False,False,Azure DevOps Integration > Section 6
halo_60d7a2d7_000_c3b045f8d4ae,https://usehalo.com/guide/general-settings-10/,General Settings (Notifications),Configuration,0,3,70,94,structural_h2,False,False,General Settings (Notifications)
halo_60d7a2d7_001_f00aaae6d35a,https://usehalo.com/guide/general-settings-10/,General Settings (Notifications),Configuration,1,3,362,488,fixed_window,False,False,General Settings (Notifications) > Section 1 > (part 1)
halo_60d7a2d7_002_c01f42157fa5,https://usehalo.com/guide/general-settings-10/,General Settings (Notifications),Configuration,2,3,301,406,fixed_window,False,False,General Settings (Notifications) > Section 1 > (part 2)
halo_2e4a1f1b_000_bdfa1c7ce1f2,https://usehalo.com/guide/agents-2/,Agents,Configuration,0,4,96,129,structural_h2,False,False,Agents
halo_2e4a1f1b_001_c71020f553f2,https://usehalo.com/guide/agents-2/,Agents,Configuration,1,4,274,369,structural_h2,False,False,Agents > Section 1
halo_2e4a1f1b_002_7d375650b6c0,https://usehalo.com/guide/agents-2/,Agents,Configuration,2,4,274,369,structural_h2,False,False,Agents > Section 2
halo_2e4a1f1b_003_4a19bd5ae4fe,https://usehalo.com/guide/agents-2/,Agents,Configuration,3,4,274,369,structural_h2,False,False,Agents > Section 3
halo_f0c73d4a_000_d53d19707305,https://usehalo.com/guide/azure-sentinel-webhooks/,Azure Sentinel Webhooks,Integrations,0,5,98,132,structural_h2,False,False,Azure Sentinel Webhooks
halo_f0c73d4a_001_adeec4cdbcc1,https://usehalo.com/guide/azure-sentinel-webhooks/,Azure Sentinel Webhooks,Integrations,1,5,359,484,fixed_window,False,False,Azure Sentinel Webhooks > Section 1 > (part 1)
halo_f0c73d4a_002_01c4b66607d9,https://usehalo.com/guide/azure-sentinel-webhooks/,Azure Sentinel Webhooks,Integrations,2,5,115,155,fixed_window,False,False,Azure Sentinel Webhooks > Section 1 > (part 2)
halo_f0c73d4a_003_61ad828a8218,https://usehalo.com/guide/azure-sentinel-webhooks/,Azure Sentinel Webhooks,Integrations,3,5,359,484,fixed_window,False,False,Azure Sentinel Webhooks > Section 2 > (part 1)
halo_f0c73d4a_004_01c4b66607d9,https://usehalo.com/guide/azure-sentinel-webhooks/,Azure Sentinel Webhooks,Integrations,4,5,115,155,fixed_window,False,False,Azure Sentinel Webhooks > Section 2 > (part 2)
halo_1680aa3b_000_e472423d2985,https://usehalo.com/guide/introduction-9/,Guide Introduction,An Introduction to HaloPSA,0,5,122,164,structural_h2,False,False,Guide Introduction
halo_1680aa3b_001_9a351ade7278,https://usehalo.com/guide/introduction-9/,Guide Introduction,An Introduction to HaloPSA,1,5,280,378,structural_h2,False,False,Guide Introduction > Section 1
halo_1680aa3b_002_43e53010d0cb,https://usehalo.com/guide/introduction-9/,Guide Introduction,An Introduction to HaloPSA,2,5,280,378,structural_h2,False,False,Guide Introduction > Section 2
halo_1680aa3b_003_e306230d5058,https://usehalo.com/guide/introduction-9/,Guide Introduction,An Introduction to HaloPSA,3,5,280,378,structural_h2,False,False,Guide Introduction > Section 3
halo_1680aa3b_004_3bdc4b75915b,https://usehalo.com/guide/introduction-9/,Guide Introduction,An Introduction to HaloPSA,4,5,280,378,structural_h2,False,False,Guide Introduction > Section 4
halo_e472df6d_000_157819cdb3e1,https://usehalo.com/guide/asset-management/,Asset Management,Asset Management,0,5,90,121,structural_h2,False,False,Asset Management
halo_e472df6d_001_56c140d71516,https://usehalo.com/guide/asset-management/,Asset Management,Asset Management,1,5,197,265,structural_h2,False,False,Asset Management > Section 1
halo_e472df6d_002_17ac459d7382,https://usehalo.com/guide/asset-management/,Asset Management,Asset Management,2,5,197,265,structural_h2,False,False,Asset Management > Section 2
halo_e472df6d_003_520d6ee4c772,https://usehalo.com/guide/asset-management/,Asset Management,Asset Management,3,5,197,265,structural_h2,False,False,Asset Management > Section 3
halo_e472df6d_004_18bd24cf0677,https://usehalo.com/guide/asset-management/,Asset Management,Asset Management,4,5,197,265,structural_h2,False,False,Asset Management > Section 4
halo_3ec66dae_000_7067ecf8ec50,https://usehalo.com/guide/pax8-integration/,Pax8 Integration,Integrations,0,5,136,183,structural_h2,False,False,Pax8 Integration
halo_3ec66dae_001_eb4ed13ae8f4,https://usehalo.com/guide/pax8-integration/,Pax8 Integration,Integrations,1,5,304,410,structural_h2,False,False,Pax8 Integration > Section 1
halo_3ec66dae_002_bb97aeffe925,https://usehalo.com/guide/pax8-integration/,Pax8 Integration,Integrations,2,5,304,410,structural_h2,False,False,Pax8 Integration > Section 2
halo_3ec66dae_003_83d09308173e,https://usehalo.com/guide/pax8-integration/,Pax8 Integration,Integrations,3,5,304,410,structural_h2,False,False,Pax8 Integration > Section 3
halo_3ec66dae_004_0798de5a4c0f,https://usehalo.com/guide/pax8-integration/,Pax8 Integration,Integrations,4,5,304,410,structural_h2,False,False,Pax8 Integration > Section 4
halo_527b5cce_000_7c0d6e2da579,https://usehalo.com/guide/setting-price-overrides-per-supplier-at-product-level/,Setting Price Overrides Per Supplier at Product Level,Product Management,0,6,115,155,structural_h2,False,False,Setting Price Overrides Per Supplier at Product Level
halo_527b5cce_001_913e0dbba826,https://usehalo.com/guide/setting-price-overrides-per-supplier-at-product-level/,Setting Price Overrides Per Supplier at Product Level,Product Management,1,6,197,265,structural_h2,False,False,Setting Price Overrides Per Supplier at Product Level > Section 1
halo_527b5cce_002_4299c3e345fc,https://usehalo.com/guide/setting-price-overrides-per-supplier-at-product-level/,Setting Price Overrides Per Supplier at Product Level,Product Management,2,6,197,265,structural_h2,False,False,Setting Price Overrides Per Supplier at Product Level > Section 2
halo_527b5cce_003_fc9567d8e7c9,https://usehalo.com/guide/setting-price-overrides-per-supplier-at-product-level/,Setting Price Overrides Per Supplier at Product Level,Product Management,3,6,197,265,structural_h2,False,False,Setting Price Overrides Per Supplier at Product Level > Section 3
halo_527b5cce_004_a71d7cea48ea,https://usehalo.com/guide/setting-price-overrides-per-supplier-at-product-level/,Setting Price Overrides Per Supplier at Product Level,Product Management,4,6,197,265,structural_h2,False,False,Setting Price Overrides Per Supplier at Product Level > Section 4
halo_527b5cce_005_eb738f8aea3b,https://usehalo.com/guide/setting-price-overrides-per-supplier-at-product-level/,Setting Price Overrides Per Supplier at Product Level,Product Management,5,6,197,265,structural_h2,False,False,Setting Price Overrides Per Supplier at Product Level > Section 5
halo_c948e6c3_000_dd6a09a70112,https://usehalo.com/guide/the-report-screen-explained/,The Report Screen Explained,Reporting,0,7,99,133,structural_h2,False,False,The Report Screen Explained
halo_c948e6c3_001_a53baed6671f,https://usehalo.com/guide/the-report-screen-explained/,The Report Screen Explained,Reporting,1,7,144,194,structural_h2,False,False,The Report Screen Explained > Section 1
halo_c948e6c3_002_37fe850251c6,https://usehalo.com/guide/the-report-screen-explained/,The Report Screen Explained,Reporting,2,7,144,194,structural_h2,False,False,The Report Screen Explained > Section 2
halo_c948e6c3_003_42b2c9a94728,https://usehalo.com/guide/the-report-screen-explained/,The Report Screen Explained,Reporting,3,7,144,194,structural_h2,False,False,The Report Screen Explained > Section 3
halo_c948e6c3_004_f0c7d552eac1,https://usehalo.com/guide/the-report-screen-explained/,The Report Screen Explained,Reporting,4,7,144,194,structural_h2,False,False,The Report Screen Explained > Section 4
halo_c948e6c3_005_ba212916a9a8,https://usehalo.com/guide/the-report-screen-explained/,The Report Screen Explained,Reporting,5,7,144,194,structural_h2,False,False,The Report Screen Explained > Section 5
halo_c948e6c3_006_3c423db8ce1d,https://usehalo.com/guide/the-report-screen-explained/,The Report Screen Explained,Reporting,6,7,144,194,structural_h2,False,False,The Report Screen Explained > Section 6
halo_ea1d2b39_000_bc1672f52cf0,https://usehalo.com/guide/ticket-dashboards/,Ticket Dashboards,Reporting,0,4,69,93,structural_h2,False,False,Ticket Dashboards
halo_ea1d2b39_001_ff510160af2b,https://usehalo.com/guide/ticket-dashboards/,Ticket Dashboards,Reporting,1,4,217,292,structural_h2,False,False,Ticket Dashboards > Section 1
halo_ea1d2b39_002_4e381c4eb0a9,https://usehalo.com/guide/ticket-dashboards/,Ticket Dashboards,Reporting,2,4,217,292,structural_h2,False,False,Ticket Dashboards > Section 2
halo_ea1d2b39_003_bb861c8a8a12,https://usehalo.com/guide/ticket-dashboards/,Ticket Dashboards,Reporting,3,4,217,292,structural_h2,False,False,Ticket Dashboards > Section 3
halo_64d3f192_000_8a9119ed44f2,https://usehalo.com/guide/azure-automation-integration/,Azure Automation Integration,Integrations,0,4,89,120,structural_h2,False,False,Azure Automation Integration
halo_64d3f192_001_09f9ee6b7cd2,https://usehalo.com/guide/azure-automation-integration/,Azure Automation Integration,Integrations,1,4,257,346,structural_h2,False,False,Azure Automation Integration > Section 1
halo_64d3f192_002_8c558a86d0cd,https://usehalo.com/guide/azure-automation-integration/,Azure Automation Integration,Integrations,2,4,257,346,structural_h2,False,False,Azure Automation Integration > Section 2
halo_64d3f192_003_6615767bac05,https://usehalo.com/guide/azure-automation-integration/,Azure Automation Integration,Integrations,3,4,257,346,structural_h2,False,False,Azure Automation Integration > Section 3
halo_6d1381db_000_6780677c4a36,https://usehalo.com/guide/billing-configuration/,Billing Configuration,Billing,0,4,69,93,structural_h2,False,False,Billing Configuration
halo_6d1381db_001_7b2d8dc34704,https://usehalo.com/guide/billing-configuration/,Billing Configuration,Billing,1,4,195,263,structural_h2,False,False,Billing Configuration > Section 1
halo_6d1381db_002_844c54e4d80d,https://usehalo.com/guide/billing-configuration/,Billing Configuration,Billing,2,4,195,263,structural_h2,False,False,Billing Configuration > Section 2
halo_6d1381db_003_0e47f94a55c8,https://usehalo.com/guide/billing-configuration/,Billing Configuration,Billing,3,4,195,263,structural_h2,False,False,Billing Configuration > Section 3
halo_7dd16482_000_067e60bad075,https://usehalo.com/guide/azure-mail-integration-webhook-method-included/,Azure Mail Integration (Webhook Method),Email Configuration,0,5,84,113,structural_h2,False,False,Azure Mail Integration (Webhook Method)
halo_7dd16482_001_f45d0876f122,https://usehalo.com/guide/azure-mail-integration-webhook-method-included/,Azure Mail Integration (Webhook Method),Email Configuration,1,5,362,488,fixed_window,False,False,Azure Mail Integration (Webhook Method) > Section 1 > (part 1)
halo_7dd16482_002_95912a6de783,https://usehalo.com/guide/azure-mail-integration-webhook-method-included/,Azure Mail Integration (Webhook Method),Email Configuration,2,5,59,79,fixed_window,False,False,Azure Mail Integration (Webhook Method) > Section 1 > (part 2)
halo_7dd16482_003_26642b8106ac,https://usehalo.com/guide/azure-mail-integration-webhook-method-included/,Azure Mail Integration (Webhook Method),Email Configuration,3,5,362,488,fixed_window,False,False,Azure Mail Integration (Webhook Method) > Section 2 > (part 1)
halo_7dd16482_004_95912a6de783,https://usehalo.com/guide/azure-mail-integration-webhook-method-included/,Azure Mail Integration (Webhook Method),Email Configuration,4,5,59,79,fixed_window,False,False,Azure Mail Integration (Webhook Method) > Section 2 > (part 2)
halo_3082f857_000_78b89d0a7dba,https://usehalo.com/guide/ninja-rmm-integration-api-v1-legacy/,Ninja RMM Integration API V1 (Legacy),Integrations,0,7,111,149,structural_h2,False,False,Ninja RMM Integration API V1 (Legacy)
halo_3082f857_001_748c19161c31,https://usehalo.com/guide/ninja-rmm-integration-api-v1-legacy/,Ninja RMM Integration API V1 (Legacy),Integrations,1,7,165,222,structural_h2,False,False,Ninja RMM Integration API V1 (Legacy) > Section 1
halo_3082f857_002_0670983c293a,https://usehalo.com/guide/ninja-rmm-integration-api-v1-legacy/,Ninja RMM Integration API V1 (Legacy),Integrations,2,7,165,222,structural_h2,False,False,Ninja RMM Integration API V1 (Legacy) > Section 2
halo_3082f857_003_2a58508f36bf,https://usehalo.com/guide/ninja-rmm-integration-api-v1-legacy/,Ninja RMM Integration API V1 (Legacy),Integrations,3,7,165,222,structural_h2,False,False,Ninja RMM Integration API V1 (Legacy) > Section 3
halo_3082f857_004_9e7c62ce5766,https://usehalo.com/guide/ninja-rmm-integration-api-v1-legacy/,Ninja RMM Integration API V1 (Legacy),Integrations,4,7,165,222,structural_h2,False,False,Ninja RMM Integration API V1 (Legacy) > Section 4
halo_3082f857_005_0de29163c490,https://usehalo.com/guide/ninja-rmm-integration-api-v1-legacy/,Ninja RMM Integration API V1 (Legacy),Integrations,5,7,165,222,structural_h2,False,False,Ninja RMM Integration API V1 (Legacy) > Section 5
halo_3082f857_006_a21be5d564ef,https://usehalo.com/guide/ninja-rmm-integration-api-v1-legacy/,Ninja RMM Integration API V1 (Legacy),Integrations,6,7,165,222,structural_h2,False,False,Ninja RMM Integration API V1 (Legacy) > Section 6
halo_07ec3c60_000_ea4974296c8c,https://usehalo.com/guide/creating-a-project-from-a-sales-order/,Creating a Project From a Sales Order,Projects,0,4,102,137,structural_h2,False,False,Creating a Project From a Sales Order
halo_07ec3c60_001_b63973c43dbb,https://usehalo.com/guide/creating-a-project-from-a-sales-order/,Creating a Project From a Sales Order,Projects,1,4,304,410,structural_h2,False,False,Creating a Project From a Sales Order > Section 1
halo_07ec3c60_002_bb50a96ccba3,https://usehalo.com/guide/creating-a-project-from-a-sales-order/,Creating a Project From a Sales Order,Projects,2,4,304,410,structural_h2,False,False,Creating a Project From a Sales Order > Section 2
halo_07ec3c60_003_cbedb38b7747,https://usehalo.com/guide/creating-a-project-from-a-sales-order/,Creating a Project From a Sales Order,Projects,3,4,304,410,structural_h2,False,False,Creating a Project From a Sales Order > Section 3
halo_dad0f3c2_000_3d83c15244f3,https://usehalo.com/guide/connectwise-control-integration/,ConnectWise Control Integration,Integrations,0,4,59,79,structural_h2,False,False,ConnectWise Control Integration
halo_dad0f3c2_001_e555e93bcb5e,https://usehalo.com/guide/connectwise-control-integration/,ConnectWise Control Integration,Integrations,1,4,153,206,structural_h2,False,False,ConnectWise Control Integration > Section 1
halo_dad0f3c2_002_413de414de9c,https://usehalo.com/guide/connectwise-control-integration/,ConnectWise Control Integration,Integrations,2,4,153,206,structural_h2,False,False,ConnectWise Control Integration > Section 2
halo_dad0f3c2_003_9afa28bc5fe3,https://usehalo.com/guide/connectwise-control-integration/,ConnectWise Control Integration,Integrations,3,4,153,206,structural_h2,False,False,ConnectWise Control Integration > Section 3
halo_24068ba9_000_e2ee8207de6b,https://usehalo.com/guide/timesheet-approvals/,Timesheet Approvals,Billing,0,5,116,156,structural_h2,False,False,Timesheet Approvals
halo_24068ba9_001_c5c2686f478c,https://usehalo.com/guide/timesheet-approvals/,Timesheet Approvals,Billing,1,5,368,496,fixed_window,False,False,Timesheet Approvals > Section 1 > (part 1)
halo_24068ba9_002_c5cd6775a577,https://usehalo.com/guide/timesheet-approvals/,Timesheet Approvals,Billing,2,5,164,221,fixed_window,False,False,Timesheet Approvals > Section 1 > (part 2)
halo_24068ba9_003_0baf66d94777,https://usehalo.com/guide/timesheet-approvals/,Timesheet Approvals,Billing,3,5,368,496,fixed_window,False,False,Timesheet Approvals > Section 2 > (part 1)
halo_24068ba9_004_f62ed69dc422,https://usehalo.com/guide/timesheet-approvals/,Timesheet Approvals,Billing,4,5,164,221,fixed_window,False,False,Timesheet Approvals > Section 2 > (part 2)
halo_f3ed6da1_000_05e03c5fa891,https://usehalo.com/guide/n-able-n-central-integration/,N-able N-Central Integration,Integrations,0,3,80,108,structural_h2,False,False,N-able N-Central Integration
halo_f3ed6da1_001_e00e80437adc,https://usehalo.com/guide/n-able-n-central-integration/,N-able N-Central Integration,Integrations,1,3,362,488,fixed_window,False,False,N-able N-Central Integration > Section 1 > (part 1)
halo_f3ed6da1_002_68e9d06a5125,https://usehalo.com/guide/n-able-n-central-integration/,N-able N-Central Integration,Integrations,2,3,361,487,fixed_window,False,False,N-able N-Central Integration > Section 1 > (part 2)
halo_95f4db1e_000_4856e8f1a956,https://usehalo.com/guide/also-integration/,ALSO Integration,Integrations,0,7,136,183,structural_h2,False,False,ALSO Integration
halo_95f4db1e_001_adeec4cdbcc1,https://usehalo.com/guide/also-integration/,ALSO Integration,Integrations,1,7,359,484,fixed_window,False,False,ALSO Integration > Section 1 > (part 1)
halo_95f4db1e_002_82462698626c,https://usehalo.com/guide/also-integration/,ALSO Integration,Integrations,2,7,84,113,fixed_window,False,False,ALSO Integration > Section 1 > (part 2)
halo_95f4db1e_003_61ad828a8218,https://usehalo.com/guide/also-integration/,ALSO Integration,Integrations,3,7,359,484,fixed_window,False,False,ALSO Integration > Section 2 > (part 1)
halo_95f4db1e_004_82462698626c,https://usehalo.com/guide/also-integration/,ALSO Integration,Integrations,4,7,84,113,fixed_window,False,False,ALSO Integration > Section 2 > (part 2)
halo_95f4db1e_005_5b309137bad1,https://usehalo.com/guide/also-integration/,ALSO Integration,Integrations,5,7,359,484,fixed_window,False,False,ALSO Integration > Section 3 > (part 1)
halo_95f4db1e_006_82462698626c,https://usehalo.com/guide/also-integration/,ALSO Integration,Integrations,6,7,84,113,fixed_window,False,False,ALSO Integration > Section 3 > (part 2)
halo_01710014_000_8a4bb0e493f8,https://usehalo.com/guide/single-sign-on-b2c-for-entra-id-and-csp/,Single Sign on B2C (Entra ID and CSP),Security,0,4,75,101,structural_h2,False,False,Single Sign on B2C (Entra ID and CSP)
halo_01710014_001_cc9e7edf4a11,https://usehalo.com/guide/single-sign-on-b2c-for-entra-id-and-csp/,Single Sign on B2C (Entra ID and CSP),Security,1,4,227,306,structural_h2,False,False,Single Sign on B2C (Entra ID and CSP) > Section 1
halo_01710014_002_3a282a2ae9bd,https://usehalo.com/guide/single-sign-on-b2c-for-entra-id-and-csp/,Single Sign on B2C (Entra ID and CSP),Security,2,4,227,306,structural_h2,False,False,Single Sign on B2C (Entra ID and CSP) > Section 2
halo_01710014_003_20f75d34dc0e,https://usehalo.com/guide/single-sign-on-b2c-for-entra-id-and-csp/,Single Sign on B2C (Entra ID and CSP),Security,3,4,227,306,structural_h2,False,False,Single Sign on B2C (Entra ID and CSP) > Section 3
halo_b406148a_000_f2a24823ff37,https://usehalo.com/guide/azure-key-vault-integration/,Azure Key Vault Integration,Integrations,0,7,99,133,structural_h2,False,False,Azure Key Vault Integration
halo_b406148a_001_e555e93bcb5e,https://usehalo.com/guide/azure-key-vault-integration/,Azure Key Vault Integration,Integrations,1,7,153,206,structural_h2,False,False,Azure Key Vault Integration > Section 1
halo_b406148a_002_413de414de9c,https://usehalo.com/guide/azure-key-vault-integration/,Azure Key Vault Integration,Integrations,2,7,153,206,structural_h2,False,False,Azure Key Vault Integration > Section 2
halo_b406148a_003_9afa28bc5fe3,https://usehalo.com/guide/azure-key-vault-integration/,Azure Key Vault Integration,Integrations,3,7,153,206,structural_h2,False,False,Azure Key Vault Integration > Section 3
halo_b406148a_004_563b0f38c6a6,https://usehalo.com/guide/azure-key-vault-integration/,Azure Key Vault Integration,Integrations,4,7,153,206,structural_h2,False,False,Azure Key Vault Integration > Section 4
halo_b406148a_005_c0315d99589d,https://usehalo.com/guide/azure-key-vault-integration/,Azure Key Vault Integration,Integrations,5,7,153,206,structural_h2,False,False,Azure Key Vault Integration > Section 5
halo_b406148a_006_803962bb696e,https://usehalo.com/guide/azure-key-vault-integration/,Azure Key Vault Integration,Integrations,6,7,153,206,structural_h2,False,False,Azure Key Vault Integration > Section 6
halo_4a61aad3_000_3dd91d002932,https://usehalo.com/guide/n-able-passportal-integration/,N-Able Passportal Integration,Integrations,0,4,70,94,structural_h2,False,False,N-Able Passportal Integration
halo_4a61aad3_001_4a38281f9617,https://usehalo.com/guide/n-able-passportal-integration/,N-Able Passportal Integration,Integrations,1,4,195,263,structural_h2,False,False,N-Able Passportal Integration > Section 1
halo_4a61aad3_002_0c7c741167d0,https://usehalo.com/guide/n-able-passportal-integration/,N-Able Passportal Integration,Integrations,2,4,195,263,structural_h2,False,False,N-Able Passportal Integration > Section 2
halo_4a61aad3_003_6ae7742366e0,https://usehalo.com/guide/n-able-passportal-integration/,N-Able Passportal Integration,Integrations,3,4,195,263,structural_h2,False,False,N-Able Passportal Integration > Section 3
halo_16b0cfcd_000_2d02b0f343da,https://usehalo.com/guide/solarwinds-orion-integration/,SolarWinds Orion Integration,Integrations,0,8,175,236,structural_h2,False,False,SolarWinds Orion Integration
halo_16b0cfcd_001_06651fd3cfbd,https://usehalo.com/guide/solarwinds-orion-integration/,SolarWinds Orion Integration,Integrations,1,8,227,306,structural_h2,False,False,SolarWinds Orion Integration > Section 1
halo_16b0cfcd_002_1c06b7a245af,https://usehalo.com/guide/solarwinds-orion-integration/,SolarWinds Orion Integration,Integrations,2,8,227,306,structural_h2,False,False,SolarWinds Orion Integration > Section 2
halo_16b0cfcd_003_0627a1adcff9,https://usehalo.com/guide/solarwinds-orion-integration/,SolarWinds Orion Integration,Integrations,3,8,227,306,structural_h2,False,False,SolarWinds Orion Integration > Section 3
halo_16b0cfcd_004_5efa6084fbe5,https://usehalo.com/guide/solarwinds-orion-integration/,SolarWinds Orion Integration,Integrations,4,8,227,306,structural_h2,False,False,SolarWinds Orion Integration > Section 4
halo_16b0cfcd_005_63e0aaef5092,https://usehalo.com/guide/solarwinds-orion-integration/,SolarWinds Orion Integration,Integrations,5,8,227,306,structural_h2,False,False,SolarWinds Orion Integration > Section 5
halo_16b0cfcd_006_dc03990f7c7d,https://usehalo.com/guide/solarwinds-orion-integration/,SolarWinds Orion Integration,Integrations,6,8,227,306,structural_h2,False,False,SolarWinds Orion Integration > Section 6
halo_16b0cfcd_007_9a664056086c,https://usehalo.com/guide/solarwinds-orion-integration/,SolarWinds Orion Integration,Integrations,7,8,227,306,structural_h2,False,False,SolarWinds Orion Integration > Section 7
halo_3f6a5105_000_e8f1b92582c4,https://usehalo.com/guide/project-billing-budget-types-vs-charge-types/,Project Billing - Budget Types vs Charge Types,Projects,0,6,132,178,structural_h2,False,False,Project Billing - Budget Types vs Charge Types
halo_3f6a5105_001_15d37e609b9c,https://usehalo.com/guide/project-billing-budget-types-vs-charge-types/,Project Billing - Budget Types vs Charge Types,Projects,1,6,245,330,structural_h2,False,False,Project Billing - Budget Types vs Charge Types > Section 1
halo_3f6a5105_002_fecec4283255,https://usehalo.com/guide/project-billing-budget-types-vs-charge-types/,Project Billing - Budget Types vs Charge Types,Projects,2,6,245,330,structural_h2,False,False,Project Billing - Budget Types vs Charge Types > Section 2
halo_3f6a5105_003_d9842ade97f9,https://usehalo.com/guide/project-billing-budget-types-vs-charge-types/,Project Billing - Budget Types vs Charge Types,Projects,3,6,245,330,structural_h2,False,False,Project Billing - Budget Types vs Charge Types > Section 3
halo_3f6a5105_004_c7b63825d6e7,https://usehalo.com/guide/project-billing-budget-types-vs-charge-types/,Project Billing - Budget Types vs Charge Types,Projects,4,6,245,330,structural_h2,False,False,Project Billing - Budget Types vs Charge Types > Section 4
halo_3f6a5105_005_59756e0e0133,https://usehalo.com/guide/project-billing-budget-types-vs-charge-types/,Project Billing - Budget Types vs Charge Types,Projects,5,6,245,330,structural_h2,False,False,Project Billing - Budget Types vs Charge Types > Section 5
halo_5a68147e_000_46c4a1ef985c,https://usehalo.com/guide/budgets/,Budgets,Projects,0,9,201,271,structural_h2,False,False,Budgets
halo_5a68147e_001_7e312713edf4,https://usehalo.com/guide/budgets/,Budgets,Projects,1,9,368,496,fixed_window,False,False,Budgets > Section 1 > (part 1)
halo_5a68147e_002_f1d9c0742f5c,https://usehalo.com/guide/budgets/,Budgets,Projects,2,9,102,137,fixed_window,False,False,Budgets > Section 1 > (part 2)
halo_5a68147e_003_2f2af698665f,https://usehalo.com/guide/budgets/,Budgets,Projects,3,9,368,496,fixed_window,False,False,Budgets > Section 2 > (part 1)
halo_5a68147e_004_f1d9c0742f5c,https://usehalo.com/guide/budgets/,Budgets,Projects,4,9,102,137,fixed_window,False,False,Budgets > Section 2 > (part 2)
halo_5a68147e_005_059a61cf56cd,https://usehalo.com/guide/budgets/,Budgets,Projects,5,9,368,496,fixed_window,False,False,Budgets > Section 3 > (part 1)
halo_5a68147e_006_f1d9c0742f5c,https://usehalo.com/guide/budgets/,Budgets,Projects,6,9,102,137,fixed_window,False,False,Budgets > Section 3 > (part 2)
halo_5a68147e_007_88d39deabfc0,https://usehalo.com/guide/budgets/,Budgets,Projects,7,9,368,496,fixed_window,False,False,Budgets > Section 4 > (part 1)
halo_5a68147e_008_f1d9c0742f5c,https://usehalo.com/guide/budgets/,Budgets,Projects,8,9,102,137,fixed_window,False,False,Budgets > Section 4 > (part 2)
halo_cb3399ea_000_194a973136b9,https://usehalo.com/halopsa/guides/1530/,Guides (ID 1530),HaloPSA Guides,0,3,72,97,structural_h2,False,False,Guides (ID 1530)
halo_cb3399ea_001_45e43e315280,https://usehalo.com/halopsa/guides/1530/,Guides (ID 1530),HaloPSA Guides,1,3,360,486,fixed_window,False,False,Guides (ID 1530) > Section 1 > (part 1)
halo_cb3399ea_002_ba365a201576,https://usehalo.com/halopsa/guides/1530/,Guides (ID 1530),HaloPSA Guides,2,3,237,319,fixed_window,False,False,Guides (ID 1530) > Section 1 > (part 2)
halo_c6ad0625_000_e6e155aa4cd4,https://usehalo.com/halopsa/guides/2100/,Runbooks,Automation,0,3,68,91,structural_h2,False,False,Runbooks
halo_c6ad0625_001_4f42e515d378,https://usehalo.com/halopsa/guides/2100/,Runbooks,Automation,1,3,316,426,structural_h2,False,False,Runbooks > Section 1
halo_c6ad0625_002_fcbd45234bf0,https://usehalo.com/halopsa/guides/2100/,Runbooks,Automation,2,3,316,426,structural_h2,False,False,Runbooks > Section 2
halo_73408407_000_b981d4bfe1f6,https://usehalo.com/halopsa/guides/2371/,Project Sales Process,Projects,0,4,70,94,structural_h2,False,False,Project Sales Process
halo_73408407_001_8ea5ef67c151,https://usehalo.com/halopsa/guides/2371/,Project Sales Process,Projects,1,4,217,292,structural_h2,False,False,Project Sales Process > Section 1
halo_73408407_002_1fd1dab2075a,https://usehalo.com/halopsa/guides/2371/,Project Sales Process,Projects,2,4,217,292,structural_h2,False,False,Project Sales Process > Section 2
halo_73408407_003_d79977872a6c,https://usehalo.com/halopsa/guides/2371/,Project Sales Process,Projects,3,4,217,292,structural_h2,False,False,Project Sales Process > Section 3
halo_4a35183c_000_238d45fedc62,https://usehalo.com/halopsa/guides/1084/,Datto RMM Integration,Integrations,0,4,98,132,structural_h2,False,False,Datto RMM Integration
halo_4a35183c_001_aaf64702609a,https://usehalo.com/halopsa/guides/1084/,Datto RMM Integration,Integrations,1,4,306,413,structural_h2,False,False,Datto RMM Integration > Section 1
halo_4a35183c_002_85cc84b6985a,https://usehalo.com/halopsa/guides/1084/,Datto RMM Integration,Integrations,2,4,306,413,structural_h2,False,False,Datto RMM Integration > Section 2
halo_4a35183c_003_0270c0ffd3fb,https://usehalo.com/halopsa/guides/1084/,Datto RMM Integration,Integrations,3,4,306,413,structural_h2,False,False,Datto RMM Integration > Section 3
halo_543a6712_000_42eaa4cd90e5,https://usehalo.com/halopsa/guides/1070/,Guides (ID 1070),HaloPSA Guides,0,3,82,110,structural_h2,False,False,Guides (ID 1070)
halo_543a6712_001_8b2193ee39b1,https://usehalo.com/halopsa/guides/1070/,Guides (ID 1070),HaloPSA Guides,1,3,338,456,structural_h2,False,False,Guides (ID 1070) > Section 1
halo_543a6712_002_e9ca1b12a4f1,https://usehalo.com/halopsa/guides/1070/,Guides (ID 1070),HaloPSA Guides,2,3,338,456,structural_h2,False,False,Guides (ID 1070) > Section 2
halo_4a2be47a_000_0df16aeb2b21,https://usehalo.com/haloitsm/guides/1126/,Guides (HaloITSM 1126),HaloPSA Guides,0,6,100,135,structural_h2,False,False,Guides (HaloITSM 1126)
halo_4a2be47a_001_6af975e98e61,https://usehalo.com/haloitsm/guides/1126/,Guides (HaloITSM 1126),HaloPSA Guides,1,6,186,251,structural_h2,False,False,Guides (HaloITSM 1126) > Section 1
halo_4a2be47a_002_8276e86224ce,https://usehalo.com/haloitsm/guides/1126/,Guides (HaloITSM 1126),HaloPSA Guides,2,6,186,251,structural_h2,False,False,Guides (HaloITSM 1126) > Section 2
halo_4a2be47a_003_39814b29824b,https://usehalo.com/haloitsm/guides/1126/,Guides (HaloITSM 1126),HaloPSA Guides,3,6,186,251,structural_h2,False,False,Guides (HaloITSM 1126) > Section 3
halo_4a2be47a_004_bdf17113d6ff,https://usehalo.com/haloitsm/guides/1126/,Guides (HaloITSM 1126),HaloPSA Guides,4,6,186,251,structural_h2,False,False,Guides (HaloITSM 1126) > Section 4
halo_4a2be47a_005_5d6bf1ddd3ee,https://usehalo.com/haloitsm/guides/1126/,Guides (HaloITSM 1126),HaloPSA Guides,5,6,186,251,structural_h2,False,False,Guides (HaloITSM 1126) > Section 5
halo_faa82056_000_6c9837cd0253,https://usehalo.com/haloitsm/guides/943/,Jira Software Integration,Integrations,0,10,175,236,structural_h2,False,False,Jira Software Integration
halo_faa82056_001_e03530a89a5e,https://usehalo.com/haloitsm/guides/943/,Jira Software Integration,Integrations,1,10,176,237,structural_h2,False,False,Jira Software Integration > Section 1
halo_faa82056_002_d5a20e5454b1,https://usehalo.com/haloitsm/guides/943/,Jira Software Integration,Integrations,2,10,176,237,structural_h2,False,False,Jira Software Integration > Section 2
halo_faa82056_003_6253a16d3135,https://usehalo.com/haloitsm/guides/943/,Jira Software Integration,Integrations,3,10,176,237,structural_h2,False,False,Jira Software Integration > Section 3
halo_faa82056_004_0de6897446fc,https://usehalo.com/haloitsm/guides/943/,Jira Software Integration,Integrations,4,10,176,237,structural_h2,False,False,Jira Software Integration > Section 4
halo_faa82056_005_e49e361ec0b7,https://usehalo.com/haloitsm/guides/943/,Jira Software Integration,Integrations,5,10,176,237,structural_h2,False,False,Jira Software Integration > Section 5
halo_faa82056_006_e5a9549a8b5f,https://usehalo.com/haloitsm/guides/943/,Jira Software Integration,Integrations,6,10,176,237,structural_h2,False,False,Jira Software Integration > Section 6
halo_faa82056_007_0efbf4e25f6d,https://usehalo.com/haloitsm/guides/943/,Jira Software Integration,Integrations,7,10,176,237,structural_h2,False,False,Jira Software Integration > Section 7
halo_faa82056_008_1cd7df08c070,https://usehalo.com/haloitsm/guides/943/,Jira Software Integration,Integrations,8,10,176,237,structural_h2,False,False,Jira Software Integration > Section 8
halo_faa82056_009_3d7e46bb327c,https://usehalo.com/haloitsm/guides/943/,Jira Software Integration,Integrations,9,10,176,237,structural_h2,False,False,Jira Software Integration > Section 9
halo_a02cb25a_000_0f5536e1bb4f,https://usehalo.com/haloitsm/guides/1189/,Guides (HaloITSM 1189),HaloPSA Guides,0,7,150,202,structural_h2,False,False,Guides (HaloITSM 1189)
halo_a02cb25a_001_45e43e315280,https://usehalo.com/haloitsm/guides/1189/,Guides (HaloITSM 1189),HaloPSA Guides,1,7,360,486,fixed_window,False,False,Guides (HaloITSM 1189) > Section 1 > (part 1)
halo_a02cb25a_002_919e59de0cb2,https://usehalo.com/haloitsm/guides/1189/,Guides (HaloITSM 1189),HaloPSA Guides,2,7,116,156,fixed_window,False,False,Guides (HaloITSM 1189) > Section 1 > (part 2)
halo_a02cb25a_003_970bdb272204,https://usehalo.com/haloitsm/guides/1189/,Guides (HaloITSM 1189),HaloPSA Guides,3,7,360,486,fixed_window,False,False,Guides (HaloITSM 1189) > Section 2 > (part 1)
halo_a02cb25a_004_919e59de0cb2,https://usehalo.com/haloitsm/guides/1189/,Guides (HaloITSM 1189),HaloPSA Guides,4,7,116,156,fixed_window,False,False,Guides (HaloITSM 1189) > Section 2 > (part 2)
halo_a02cb25a_005_f6fbb3665357,https://usehalo.com/haloitsm/guides/1189/,Guides (HaloITSM 1189),HaloPSA Guides,5,7,360,486,fixed_window,False,False,Guides (HaloITSM 1189) > Section 3 > (part 1)
halo_a02cb25a_006_919e59de0cb2,https://usehalo.com/haloitsm/guides/1189/,Guides (HaloITSM 1189),HaloPSA Guides,6,7,116,156,fixed_window,False,False,Guides (HaloITSM 1189) > Section 3 > (part 2)
halo_f1712f99_000_00428e8d0ad2,https://usehalo.com/haloitsm/guides/2336/,Virtual Agents in the Chat Bot,Service Desk,0,4,122,164,structural_h2,False,False,Virtual Agents in the Chat Bot
halo_f1712f99_001_b1ca5f4c330d,https://usehalo.com/haloitsm/guides/2336/,Virtual Agents in the Chat Bot,Service Desk,1,4,362,488,structural_h2,False,False,Virtual Agents in the Chat Bot > Section 1
halo_f1712f99_002_2ff60d82384c,https://usehalo.com/haloitsm/guides/2336/,Virtual Agents in the Chat Bot,Service Desk,2,4,362,488,structural_h2,False,False,Virtual Agents in the Chat Bot > Section 2
halo_f1712f99_003_f29f42c71a93,https://usehalo.com/haloitsm/guides/2336/,Virtual Agents in the Chat Bot,Service Desk,3,4,362,488,structural_h2,False,False,Virtual Agents in the Chat Bot > Section 3
halo_5accdeab_000_704ba32e4862,https://usehalo.com/haloitsm/guides/1349/,Configuration > Billing > General Settings,Billing,0,9,181,244,structural_h2,False,False,Configuration > Billing > General Settings
halo_5accdeab_001_6e21a9b6bcfb,https://usehalo.com/haloitsm/guides/1349/,Configuration > Billing > General Settings,Billing,1,9,359,484,fixed_window,False,False,Configuration > Billing > General Settings > Section 1 > (part 1)
halo_5accdeab_002_82462698626c,https://usehalo.com/haloitsm/guides/1349/,Configuration > Billing > General Settings,Billing,2,9,84,113,fixed_window,False,False,Configuration > Billing > General Settings > Section 1 > (part 2)
halo_5accdeab_003_fda9fa67c426,https://usehalo.com/haloitsm/guides/1349/,Configuration > Billing > General Settings,Billing,3,9,359,484,fixed_window,False,False,Configuration > Billing > General Settings > Section 2 > (part 1)
halo_5accdeab_004_82462698626c,https://usehalo.com/haloitsm/guides/1349/,Configuration > Billing > General Settings,Billing,4,9,84,113,fixed_window,False,False,Configuration > Billing > General Settings > Section 2 > (part 2)
halo_5accdeab_005_91dabc66fd40,https://usehalo.com/haloitsm/guides/1349/,Configuration > Billing > General Settings,Billing,5,9,359,484,fixed_window,False,False,Configuration > Billing > General Settings > Section 3 > (part 1)
halo_5accdeab_006_82462698626c,https://usehalo.com/haloitsm/guides/1349/,Configuration > Billing > General Settings,Billing,6,9,84,113,fixed_window,False,False,Configuration > Billing > General Settings > Section 3 > (part 2)
halo_5accdeab_007_dee18419ed45,https://usehalo.com/haloitsm/guides/1349/,Configuration > Billing > General Settings,Billing,7,9,359,484,fixed_window,False,False,Configuration > Billing > General Settings > Section 4 > (part 1)
halo_5accdeab_008_82462698626c,https://usehalo.com/haloitsm/guides/1349/,Configuration > Billing > General Settings,Billing,8,9,84,113,fixed_window,False,False,Configuration > Billing > General Settings > Section 4 > (part 2)
halo_74b01d02_000_c13e1ee7c9d7,https://usehalo.com/halocrm/guides/1291/,QuickBooks Desktop Integration,Accounting,0,4,70,94,structural_h2,False,False,QuickBooks Desktop Integration
halo_74b01d02_001_0afd6e83e158,https://usehalo.com/halocrm/guides/1291/,QuickBooks Desktop Integration,Accounting,1,4,217,292,structural_h2,False,False,QuickBooks Desktop Integration > Section 1
halo_74b01d02_002_9811dde973b7,https://usehalo.com/halocrm/guides/1291/,QuickBooks Desktop Integration,Accounting,2,4,217,292,structural_h2,False,False,QuickBooks Desktop Integration > Section 2
halo_74b01d02_003_93027cc9f9bb,https://usehalo.com/halocrm/guides/1291/,QuickBooks Desktop Integration,Accounting,3,4,217,292,structural_h2,False,False,QuickBooks Desktop Integration > Section 3
halo_52cba52d_000_a61a6fd7aa4f,https://usehalo.com/halocrm/guides/1843/,Guides (HaloCRM 1843),HaloPSA Guides,0,6,110,148,structural_h2,False,False,Guides (HaloCRM 1843)
halo_52cba52d_001_6af975e98e61,https://usehalo.com/halocrm/guides/1843/,Guides (HaloCRM 1843),HaloPSA Guides,1,6,186,251,structural_h2,False,False,Guides (HaloCRM 1843) > Section 1
halo_52cba52d_002_8276e86224ce,https://usehalo.com/halocrm/guides/1843/,Guides (HaloCRM 1843),HaloPSA Guides,2,6,186,251,structural_h2,False,False,Guides (HaloCRM 1843) > Section 2
halo_52cba52d_003_39814b29824b,https://usehalo.com/halocrm/guides/1843/,Guides (HaloCRM 1843),HaloPSA Guides,3,6,186,251,structural_h2,False,False,Guides (HaloCRM 1843) > Section 3
halo_52cba52d_004_bdf17113d6ff,https://usehalo.com/halocrm/guides/1843/,Guides (HaloCRM 1843),HaloPSA Guides,4,6,186,251,structural_h2,False,False,Guides (HaloCRM 1843) > Section 4
halo_52cba52d_005_5d6bf1ddd3ee,https://usehalo.com/halocrm/guides/1843/,Guides (HaloCRM 1843),HaloPSA Guides,5,6,186,251,structural_h2,False,False,Guides (HaloCRM 1843) > Section 5
halo_e017ee85_000_28e2d1adeaf2,https://halopsa.com/guides/article/?kbid=1823,HaloPSA API Guide,API,0,5,108,145,structural_h2,False,False,HaloPSA API Guide
halo_e017ee85_001_be7855b258f5,https://halopsa.com/guides/article/?kbid=1823,HaloPSA API Guide,API,1,5,361,487,fixed_window,False,False,HaloPSA API Guide > Section 1 > (part 1)
halo_e017ee85_002_b29298eabf5b,https://halopsa.com/guides/article/?kbid=1823,HaloPSA API Guide,API,2,5,141,190,fixed_window,False,False,HaloPSA API Guide > Section 1 > (part 2)
halo_e017ee85_003_a76716d9b6a3,https://halopsa.com/guides/article/?kbid=1823,HaloPSA API Guide,API,3,5,361,487,fixed_window,False,False,HaloPSA API Guide > Section 2 > (part 1)
halo_e017ee85_004_185775316d3c,https://halopsa.com/guides/article/?kbid=1823,HaloPSA API Guide,API,4,5,141,190,fixed_window,False,False,HaloPSA API Guide > Section 2 > (part 2)
halo_396af124_000_e70a6552ac5c,https://halopsa.com/guides/article/?kbid=2305,Events and Alerts (RMM Integration),Integrations,0,5,100,135,structural_h2,False,False,Events and Alerts (RMM Integration)
halo_396af124_001_06651fd3cfbd,https://halopsa.com/guides/article/?kbid=2305,Events and Alerts (RMM Integration),Integrations,1,5,227,306,structural_h2,False,False,Events and Alerts (RMM Integration) > Section 1
halo_396af124_002_1c06b7a245af,https://halopsa.com/guides/article/?kbid=2305,Events and Alerts (RMM Integration),Integrations,2,5,227,306,structural_h2,False,False,Events and Alerts (RMM Integration) > Section 2
halo_396af124_003_0627a1adcff9,https://halopsa.com/guides/article/?kbid=2305,Events and Alerts (RMM Integration),Integrations,3,5,227,306,structural_h2,False,False,Events and Alerts (RMM Integration) > Section 3
halo_396af124_004_5efa6084fbe5,https://halopsa.com/guides/article/?kbid=2305,Events and Alerts (RMM Integration),Integrations,4,5,227,306,structural_h2,False,False,Events and Alerts (RMM Integration) > Section 4
halo_1a1cd413_000_b8f32c14df73,https://halopsa.com/guides/article/?kbid=2330,Guide Article (kbid 2330),HaloPSA Guides,0,5,151,203,structural_h2,False,False,Guide Article (kbid 2330)
halo_1a1cd413_001_0d982b428e78,https://halopsa.com/guides/article/?kbid=2330,Guide Article (kbid 2330),HaloPSA Guides,1,5,365,492,fixed_window,False,False,Guide Article (kbid 2330) > Section 1 > (part 1)
halo_1a1cd413_002_88e671c5bad6,https://halopsa.com/guides/article/?kbid=2330,Guide Article (kbid 2330),HaloPSA Guides,2,5,345,465,fixed_window,False,False,Guide Article (kbid 2330) > Section 1 > (part 2)
halo_1a1cd413_004_36f34be0769f,https://halopsa.com/guides/article/?kbid=2330,Guide Article (kbid 2330),HaloPSA Guides,3,5,365,492,fixed_window,False,False,Guide Article (kbid 2330) > Section 2 > (part 1)
halo_1a1cd413_005_628e7bb9743b,https://halopsa.com/guides/article/?kbid=2330,Guide Article (kbid 2330),HaloPSA Guides,4,5,345,465,fixed_window,False,False,Guide Article (kbid 2330) > Section 2 > (part 2)
halo_9499646e_000_6aac8a8ccee3,https://halopsa.com/guides/article/?kbid=2370,Guides Index,Index,0,1,344,464,single,False,False,Guides Index
halo_bc41208d_000_edb9031f1ff4,https://usehalo.com/guide/asset-views-fields/,Asset Views/Fields,Asset Management,0,5,99,133,structural_h2,False,False,Asset Views/Fields
halo_bc41208d_001_feff7cf8e313,https://usehalo.com/guide/asset-views-fields/,Asset Views/Fields,Asset Management,1,5,221,298,structural_h2,False,False,Asset Views/Fields > Section 1
halo_bc41208d_002_16b23b0ac2a6,https://usehalo.com/guide/asset-views-fields/,Asset Views/Fields,Asset Management,2,5,221,298,structural_h2,False,False,Asset Views/Fields > Section 2
halo_bc41208d_003_4a67440780c4,https://usehalo.com/guide/asset-views-fields/,Asset Views/Fields,Asset Management,3,5,221,298,structural_h2,False,False,Asset Views/Fields > Section 3
halo_bc41208d_004_73449f144469,https://usehalo.com/guide/asset-views-fields/,Asset Views/Fields,Asset Management,4,5,221,298,structural_h2,False,False,Asset Views/Fields > Section 4
halo_060368f0_000_a3ed60bf4543,https://usehalo.com/guide/asset-fields/,Asset Fields,Asset Management,0,7,99,133,structural_h2,False,False,Asset Fields
halo_060368f0_001_3e8cddd50da0,https://usehalo.com/guide/asset-fields/,Asset Fields,Asset Management,1,7,145,195,structural_h2,False,False,Asset Fields > Section 1
halo_060368f0_002_1795b71b907d,https://usehalo.com/guide/asset-fields/,Asset Fields,Asset Management,2,7,145,195,structural_h2,False,False,Asset Fields > Section 2
halo_060368f0_003_46ef6ba21c12,https://usehalo.com/guide/asset-fields/,Asset Fields,Asset Management,3,7,145,195,structural_h2,False,False,Asset Fields > Section 3
halo_060368f0_004_5dff304bace6,https://usehalo.com/guide/asset-fields/,Asset Fields,Asset Management,4,7,145,195,structural_h2,False,False,Asset Fields > Section 4
halo_060368f0_005_11fe0dca8dba,https://usehalo.com/guide/asset-fields/,Asset Fields,Asset Management,5,7,145,195,structural_h2,False,False,Asset Fields > Section 5
halo_060368f0_006_645cc103fa34,https://usehalo.com/guide/asset-fields/,Asset Fields,Asset Management,6,7,145,195,structural_h2,False,False,Asset Fields > Section 6
halo_6b160535_000_9058564343be,https://usehalo.com/guide/asset-views/,Asset Views,Asset Management,0,4,60,81,structural_h2,False,False,Asset Views
halo_6b160535_001_61df95461bc3,https://usehalo.com/guide/asset-views/,Asset Views,Asset Management,1,4,186,251,structural_h2,False,False,Asset Views > Section 1
halo_6b160535_002_d54626df28a9,https://usehalo.com/guide/asset-views/,Asset Views,Asset Management,2,4,186,251,structural_h2,False,False,Asset Views > Section 2
halo_6b160535_003_ea6a409ae48d,https://usehalo.com/guide/asset-views/,Asset Views,Asset Management,3,4,186,251,structural_h2,False,False,Asset Views > Section 3
halo_ac48ab60_000_deb61cc2ec0b,https://usehalo.com/guide/batch-updating-asset-fields/,Batch Updating Asset Fields,Asset Management,0,4,73,98,structural_h2,False,False,Batch Updating Asset Fields
halo_ac48ab60_001_4e15fcce69fd,https://usehalo.com/guide/batch-updating-asset-fields/,Batch Updating Asset Fields,Asset Management,1,4,208,280,structural_h2,False,False,Batch Updating Asset Fields > Section 1
halo_ac48ab60_002_b000e8ee047f,https://usehalo.com/guide/batch-updating-asset-fields/,Batch Updating Asset Fields,Asset Management,2,4,208,280,structural_h2,False,False,Batch Updating Asset Fields > Section 2
halo_ac48ab60_003_3895984f7be5,https://usehalo.com/guide/batch-updating-asset-fields/,Batch Updating Asset Fields,Asset Management,3,4,208,280,structural_h2,False,False,Batch Updating Asset Fields > Section 3
halo_2c5eb101_000_4e963ea6da84,https://usehalo.com/guide/importing-assets-csv-xls-spreadsheet-method/,Importing Assets (CSV/XLS/Spreadsheet Method),Asset Management,0,7,130,175,structural_h2,False,False,Importing Assets (CSV/XLS/Spreadsheet Method)
halo_2c5eb101_001_56c140d71516,https://usehalo.com/guide/importing-assets-csv-xls-spreadsheet-method/,Importing Assets (CSV/XLS/Spreadsheet Method),Asset Management,1,7,197,265,structural_h2,False,False,Importing Assets (CSV/XLS/Spreadsheet Method) > Section 1
halo_2c5eb101_002_17ac459d7382,https://usehalo.com/guide/importing-assets-csv-xls-spreadsheet-method/,Importing Assets (CSV/XLS/Spreadsheet Method),Asset Management,2,7,197,265,structural_h2,False,False,Importing Assets (CSV/XLS/Spreadsheet Method) > Section 2
halo_2c5eb101_003_520d6ee4c772,https://usehalo.com/guide/importing-assets-csv-xls-spreadsheet-method/,Importing Assets (CSV/XLS/Spreadsheet Method),Asset Management,3,7,197,265,structural_h2,False,False,Importing Assets (CSV/XLS/Spreadsheet Method) > Section 3
halo_2c5eb101_004_18bd24cf0677,https://usehalo.com/guide/importing-assets-csv-xls-spreadsheet-method/,Importing Assets (CSV/XLS/Spreadsheet Method),Asset Management,4,7,197,265,structural_h2,False,False,Importing Assets (CSV/XLS/Spreadsheet Method) > Section 4
halo_2c5eb101_005_8c684be2c8de,https://usehalo.com/guide/importing-assets-csv-xls-spreadsheet-method/,Importing Assets (CSV/XLS/Spreadsheet Method),Asset Management,5,7,197,265,structural_h2,False,False,Importing Assets (CSV/XLS/Spreadsheet Method) > Section 5
halo_2c5eb101_006_7d77aaffc9c0,https://usehalo.com/guide/importing-assets-csv-xls-spreadsheet-method/,Importing Assets (CSV/XLS/Spreadsheet Method),Asset Management,6,7,197,265,structural_h2,False,False,Importing Assets (CSV/XLS/Spreadsheet Method) > Section 6
halo_b20222af_000_9ffc9cae1fb8,https://usehalo.com/guide/linking-assets-throughout-halo/,Linking Assets Throughout Halo,Asset Management,0,4,73,98,structural_h2,False,False,Linking Assets Throughout Halo
halo_b20222af_001_d886a64b5da3,https://usehalo.com/guide/linking-assets-throughout-halo/,Linking Assets Throughout Halo,Asset Management,1,4,219,295,structural_h2,False,False,Linking Assets Throughout Halo > Section 1
halo_b20222af_002_c45f67403208,https://usehalo.com/guide/linking-assets-throughout-halo/,Linking Assets Throughout Halo,Asset Management,2,4,219,295,structural_h2,False,False,Linking Assets Throughout Halo > Section 2
halo_b20222af_003_8bc1bab2e319,https://usehalo.com/guide/linking-assets-throughout-halo/,Linking Assets Throughout Halo,Asset Management,3,4,219,295,structural_h2,False,False,Linking Assets Throughout Halo > Section 3
halo_4d447a36_000_c1189a0416c2,https://usehalo.com/guide/linking-assets/,Linking Assets,Asset Management,0,7,128,172,structural_h2,False,False,Linking Assets
halo_4d447a36_001_a9c84a247981,https://usehalo.com/guide/linking-assets/,Linking Assets,Asset Management,1,7,360,486,fixed_window,False,False,Linking Assets > Section 1 > (part 1)
halo_4d447a36_002_790780d16aba,https://usehalo.com/guide/linking-assets/,Linking Assets,Asset Management,2,7,57,76,fixed_window,False,False,Linking Assets > Section 1 > (part 2)
halo_4d447a36_003_72b09c2207f7,https://usehalo.com/guide/linking-assets/,Linking Assets,Asset Management,3,7,360,486,fixed_window,False,False,Linking Assets > Section 2 > (part 1)
halo_4d447a36_004_790780d16aba,https://usehalo.com/guide/linking-assets/,Linking Assets,Asset Management,4,7,57,76,fixed_window,False,False,Linking Assets > Section 2 > (part 2)
halo_4d447a36_005_deffa2f73889,https://usehalo.com/guide/linking-assets/,Linking Assets,Asset Management,5,7,360,486,fixed_window,False,False,Linking Assets > Section 3 > (part 1)
halo_4d447a36_006_790780d16aba,https://usehalo.com/guide/linking-assets/,Linking Assets,Asset Management,6,7,57,76,fixed_window,False,False,Linking Assets > Section 3 > (part 2)
halo_898ed241_000_872f8f2fd367,https://usehalo.com/guide/linking-products-to-assets/,Linking Products to Assets,Asset Management,0,3,51,68,structural_h2,False,False,Linking Products to Assets
halo_898ed241_001_d886a64b5da3,https://usehalo.com/guide/linking-products-to-assets/,Linking Products to Assets,Asset Management,1,3,219,295,structural_h2,False,False,Linking Products to Assets > Section 1
halo_898ed241_002_c45f67403208,https://usehalo.com/guide/linking-products-to-assets/,Linking Products to Assets,Asset Management,2,3,219,295,structural_h2,False,False,Linking Products to Assets > Section 2
halo_619a04e9_000_06cb0b15a199,https://usehalo.com/guide/asset-custom-buttons/,Asset Custom Buttons,Asset Management,0,7,129,174,structural_h2,False,False,Asset Custom Buttons
halo_619a04e9_001_61df95461bc3,https://usehalo.com/guide/asset-custom-buttons/,Asset Custom Buttons,Asset Management,1,7,186,251,structural_h2,False,False,Asset Custom Buttons > Section 1
halo_619a04e9_002_d54626df28a9,https://usehalo.com/guide/asset-custom-buttons/,Asset Custom Buttons,Asset Management,2,7,186,251,structural_h2,False,False,Asset Custom Buttons > Section 2
halo_619a04e9_003_ea6a409ae48d,https://usehalo.com/guide/asset-custom-buttons/,Asset Custom Buttons,Asset Management,3,7,186,251,structural_h2,False,False,Asset Custom Buttons > Section 3
halo_619a04e9_004_1ad2976335e5,https://usehalo.com/guide/asset-custom-buttons/,Asset Custom Buttons,Asset Management,4,7,186,251,structural_h2,False,False,Asset Custom Buttons > Section 4
halo_619a04e9_005_6d9eb78e94e0,https://usehalo.com/guide/asset-custom-buttons/,Asset Custom Buttons,Asset Management,5,7,186,251,structural_h2,False,False,Asset Custom Buttons > Section 5
halo_619a04e9_006_72a4684d8b7f,https://usehalo.com/guide/asset-custom-buttons/,Asset Custom Buttons,Asset Management,6,7,186,251,structural_h2,False,False,Asset Custom Buttons > Section 6
halo_14c7a71d_000_0d4f11a074aa,https://usehalo.com/guide/asset-management-configuration/,Asset Management Configuration,Asset Management,0,3,82,110,structural_h2,False,False,Asset Management Configuration
halo_14c7a71d_001_7ec4db34a66f,https://usehalo.com/guide/asset-management-configuration/,Asset Management Configuration,Asset Management,1,3,349,471,structural_h2,False,False,Asset Management Configuration > Section 1
halo_14c7a71d_002_250a8141d17c,https://usehalo.com/guide/asset-management-configuration/,Asset Management Configuration,Asset Management,2,3,349,471,structural_h2,False,False,Asset Management Configuration > Section 2
halo_f690ef10_000_15256be9d53c,https://usehalo.com/guide/asset-meters/,Asset Meters,Asset Management,0,7,128,172,structural_h2,False,False,Asset Meters
halo_f690ef10_001_a9c84a247981,https://usehalo.com/guide/asset-meters/,Asset Meters,Asset Management,1,7,360,486,fixed_window,False,False,Asset Meters > Section 1 > (part 1)
halo_f690ef10_002_c50f1dba2102,https://usehalo.com/guide/asset-meters/,Asset Meters,Asset Management,2,7,48,64,fixed_window,False,False,Asset Meters > Section 1 > (part 2)
halo_f690ef10_003_72b09c2207f7,https://usehalo.com/guide/asset-meters/,Asset Meters,Asset Management,3,7,360,486,fixed_window,False,False,Asset Meters > Section 2 > (part 1)
halo_f690ef10_004_c50f1dba2102,https://usehalo.com/guide/asset-meters/,Asset Meters,Asset Management,4,7,48,64,fixed_window,False,False,Asset Meters > Section 2 > (part 2)
halo_f690ef10_005_deffa2f73889,https://usehalo.com/guide/asset-meters/,Asset Meters,Asset Management,5,7,360,486,fixed_window,False,False,Asset Meters > Section 3 > (part 1)
halo_f690ef10_006_c50f1dba2102,https://usehalo.com/guide/asset-meters/,Asset Meters,Asset Management,6,7,48,64,fixed_window,False,False,Asset Meters > Section 3 > (part 2)
halo_b20403e6_000_e5fad911463c,https://usehalo.com/guide/asset-resource-booking/,Asset Resource Booking,Asset Management,0,7,139,187,structural_h2,False,False,Asset Resource Booking
halo_b20403e6_001_a9c84a247981,https://usehalo.com/guide/asset-resource-booking/,Asset Resource Booking,Asset Management,1,7,360,486,fixed_window,False,False,Asset Resource Booking > Section 1 > (part 1)
halo_b20403e6_002_188f3e371201,https://usehalo.com/guide/asset-resource-booking/,Asset Resource Booking,Asset Management,2,7,85,114,fixed_window,False,False,Asset Resource Booking > Section 1 > (part 2)
halo_b20403e6_003_72b09c2207f7,https://usehalo.com/guide/asset-resource-booking/,Asset Resource Booking,Asset Management,3,7,360,486,fixed_window,False,False,Asset Resource Booking > Section 2 > (part 1)
halo_b20403e6_004_188f3e371201,https://usehalo.com/guide/asset-resource-booking/,Asset Resource Booking,Asset Management,4,7,85,114,fixed_window,False,False,Asset Resource Booking > Section 2 > (part 2)
halo_b20403e6_005_deffa2f73889,https://usehalo.com/guide/asset-resource-booking/,Asset Resource Booking,Asset Management,5,7,360,486,fixed_window,False,False,Asset Resource Booking > Section 3 > (part 1)
halo_b20403e6_006_188f3e371201,https://usehalo.com/guide/asset-resource-booking/,Asset Resource Booking,Asset Management,6,7,85,114,fixed_window,False,False,Asset Resource Booking > Section 3 > (part 2)
halo_f2ba9358_000_95ab71b0e5bf,https://usehalo.com/guide/asset-template-creation/,Asset Template Creation,Asset Management,0,4,91,122,structural_h2,False,False,Asset Template Creation
halo_f2ba9358_001_dbe7ead828ee,https://usehalo.com/guide/asset-template-creation/,Asset Template Creation,Asset Management,1,4,266,359,structural_h2,False,False,Asset Template Creation > Section 1
halo_f2ba9358_002_532c5a82dd8a,https://usehalo.com/guide/asset-template-creation/,Asset Template Creation,Asset Management,2,4,266,359,structural_h2,False,False,Asset Template Creation > Section 2
halo_f2ba9358_003_2c043411a95b,https://usehalo.com/guide/asset-template-creation/,Asset Template Creation,Asset Management,3,4,266,359,structural_h2,False,False,Asset Template Creation > Section 3
halo_04f3b4da_000_1134c563be37,https://usehalo.com/guide/asset-types-groups/,Asset Types/Groups,Asset Management,0,5,99,133,structural_h2,False,False,Asset Types/Groups
halo_04f3b4da_001_6305ff8d914b,https://usehalo.com/guide/asset-types-groups/,Asset Types/Groups,Asset Management,1,5,231,311,structural_h2,False,False,Asset Types/Groups > Section 1
halo_04f3b4da_002_32408774e5a8,https://usehalo.com/guide/asset-types-groups/,Asset Types/Groups,Asset Management,2,5,231,311,structural_h2,False,False,Asset Types/Groups > Section 2
halo_04f3b4da_003_f476d1a005c7,https://usehalo.com/guide/asset-types-groups/,Asset Types/Groups,Asset Management,3,5,231,311,structural_h2,False,False,Asset Types/Groups > Section 3
halo_04f3b4da_004_a4f9ce5b830f,https://usehalo.com/guide/asset-types-groups/,Asset Types/Groups,Asset Management,4,5,231,311,structural_h2,False,False,Asset Types/Groups > Section 4
halo_a15b5d56_000_3659c0d3ca9a,https://usehalo.com/guide/assets-vs-items/,Assets Vs Items,Asset Management,0,5,110,148,structural_h2,False,False,Assets Vs Items
halo_a15b5d56_001_a9c84a247981,https://usehalo.com/guide/assets-vs-items/,Assets Vs Items,Asset Management,1,5,360,486,fixed_window,False,False,Assets Vs Items > Section 1 > (part 1)
halo_a15b5d56_002_789473370b23,https://usehalo.com/guide/assets-vs-items/,Assets Vs Items,Asset Management,2,5,157,211,fixed_window,False,False,Assets Vs Items > Section 1 > (part 2)
halo_a15b5d56_003_72b09c2207f7,https://usehalo.com/guide/assets-vs-items/,Assets Vs Items,Asset Management,3,5,360,486,fixed_window,False,False,Assets Vs Items > Section 2 > (part 1)
halo_a15b5d56_004_f32a591dd7f8,https://usehalo.com/guide/assets-vs-items/,Assets Vs Items,Asset Management,4,5,157,211,fixed_window,False,False,Assets Vs Items > Section 2 > (part 2)
halo_d2c2ac93_000_7b773b8dc7f3,https://usehalo.com/guide/barcode-scanning/,Barcode Scanning,Asset Management,0,5,99,133,structural_h2,False,False,Barcode Scanning
halo_d2c2ac93_001_a9c84a247981,https://usehalo.com/guide/barcode-scanning/,Barcode Scanning,Asset Management,1,5,360,486,fixed_window,False,False,Barcode Scanning > Section 1 > (part 1)
halo_d2c2ac93_002_440d3c0e38ca,https://usehalo.com/guide/barcode-scanning/,Barcode Scanning,Asset Management,2,5,95,128,fixed_window,False,False,Barcode Scanning > Section 1 > (part 2)
halo_d2c2ac93_003_72b09c2207f7,https://usehalo.com/guide/barcode-scanning/,Barcode Scanning,Asset Management,3,5,360,486,fixed_window,False,False,Barcode Scanning > Section 2 > (part 1)
halo_d2c2ac93_004_440d3c0e38ca,https://usehalo.com/guide/barcode-scanning/,Barcode Scanning,Asset Management,4,5,95,128,fixed_window,False,False,Barcode Scanning > Section 2 > (part 2)
halo_df156840_000_c050c1f556db,https://usehalo.com/guide/device-change-history/,Device Change History,Asset Management,0,5,150,202,structural_h2,False,False,Device Change History
halo_df156840_001_c9ad2f63ef52,https://usehalo.com/guide/device-change-history/,Device Change History,Asset Management,1,5,362,488,fixed_window,False,False,Device Change History > Section 1 > (part 1)
halo_df156840_002_7567528d0f74,https://usehalo.com/guide/device-change-history/,Device Change History,Asset Management,2,5,322,434,fixed_window,False,False,Device Change History > Section 1 > (part 2)
halo_df156840_003_aa778a5c1bd6,https://usehalo.com/guide/device-change-history/,Device Change History,Asset Management,3,5,362,488,fixed_window,False,False,Device Change History > Section 2 > (part 1)
halo_df156840_004_7296398ee144,https://usehalo.com/guide/device-change-history/,Device Change History,Asset Management,4,5,322,434,fixed_window,False,False,Device Change History > Section 2 > (part 2)
halo_d7bb1969_000_b3eda3310e05,https://usehalo.com/guide/event-management/,Event Management,Asset Management,0,7,149,201,structural_h2,False,False,Event Management
halo_d7bb1969_001_92345af0d684,https://usehalo.com/guide/event-management/,Event Management,Asset Management,1,7,229,309,structural_h2,False,False,Event Management > Section 1
halo_d7bb1969_002_41cdc355a8ea,https://usehalo.com/guide/event-management/,Event Management,Asset Management,2,7,229,309,structural_h2,False,False,Event Management > Section 2
halo_d7bb1969_003_3d21418e1929,https://usehalo.com/guide/event-management/,Event Management,Asset Management,3,7,229,309,structural_h2,False,False,Event Management > Section 3
halo_d7bb1969_004_a0e7037d0bb8,https://usehalo.com/guide/event-management/,Event Management,Asset Management,4,7,229,309,structural_h2,False,False,Event Management > Section 4
halo_d7bb1969_005_10d44c80d5dd,https://usehalo.com/guide/event-management/,Event Management,Asset Management,5,7,229,309,structural_h2,False,False,Event Management > Section 5
halo_d7bb1969_006_bfb6c59fc7de,https://usehalo.com/guide/event-management/,Event Management,Asset Management,6,7,229,309,structural_h2,False,False,Event Management > Section 6
halo_19bc7377_000_7df5feb7c20f,https://usehalo.com/guide/iframe-custom-tabs-on-assets/,Iframe Custom Tabs on Assets,Asset Management,0,7,112,151,structural_h2,False,False,Iframe Custom Tabs on Assets
halo_19bc7377_001_692dec04764f,https://usehalo.com/guide/iframe-custom-tabs-on-assets/,Iframe Custom Tabs on Assets,Asset Management,1,7,166,224,structural_h2,False,False,Iframe Custom Tabs on Assets > Section 1
halo_19bc7377_002_251e1673b1e7,https://usehalo.com/guide/iframe-custom-tabs-on-assets/,Iframe Custom Tabs on Assets,Asset Management,2,7,166,224,structural_h2,False,False,Iframe Custom Tabs on Assets > Section 2
halo_19bc7377_003_0b1718cc550a,https://usehalo.com/guide/iframe-custom-tabs-on-assets/,Iframe Custom Tabs on Assets,Asset Management,3,7,166,224,structural_h2,False,False,Iframe Custom Tabs on Assets > Section 3
halo_19bc7377_004_f6a13b150889,https://usehalo.com/guide/iframe-custom-tabs-on-assets/,Iframe Custom Tabs on Assets,Asset Management,4,7,166,224,structural_h2,False,False,Iframe Custom Tabs on Assets > Section 4
halo_19bc7377_005_70f3bc4e56df,https://usehalo.com/guide/iframe-custom-tabs-on-assets/,Iframe Custom Tabs on Assets,Asset Management,5,7,166,224,structural_h2,False,False,Iframe Custom Tabs on Assets > Section 5
halo_19bc7377_006_aac56209458b,https://usehalo.com/guide/iframe-custom-tabs-on-assets/,Iframe Custom Tabs on Assets,Asset Management,6,7,166,224,structural_h2,False,False,Iframe Custom Tabs on Assets > Section 6
halo_9b613f8b_000_0defb5b228d5,https://usehalo.com/guide/lapsafe-integration/,LapSafe Integration,Asset Management,0,5,128,172,structural_h2,False,False,LapSafe Integration
halo_9b613f8b_001_f629a7b24fd8,https://usehalo.com/guide/lapsafe-integration/,LapSafe Integration,Asset Management,1,5,286,386,structural_h2,False,False,LapSafe Integration > Section 1
halo_9b613f8b_002_bffb51829b85,https://usehalo.com/guide/lapsafe-integration/,LapSafe Integration,Asset Management,2,5,286,386,structural_h2,False,False,LapSafe Integration > Section 2
halo_9b613f8b_003_d9131783379c,https://usehalo.com/guide/lapsafe-integration/,LapSafe Integration,Asset Management,3,5,286,386,structural_h2,False,False,LapSafe Integration > Section 3
halo_9b613f8b_004_cb5d3f1a82ca,https://usehalo.com/guide/lapsafe-integration/,LapSafe Integration,Asset Management,4,5,286,386,structural_h2,False,False,LapSafe Integration > Section 4
halo_eedd1af1_000_6d924447bbb1,https://usehalo.com/guide/changing-your-halo-url/,Changing your Halo URL,An Introduction to HaloPSA,0,10,164,221,structural_h2,False,False,Changing your Halo URL
halo_eedd1af1_001_904ddd880450,https://usehalo.com/guide/changing-your-halo-url/,Changing your Halo URL,An Introduction to HaloPSA,1,10,168,226,structural_h2,False,False,Changing your Halo URL > Section 1
halo_eedd1af1_002_b6892d1fc01f,https://usehalo.com/guide/changing-your-halo-url/,Changing your Halo URL,An Introduction to HaloPSA,2,10,168,226,structural_h2,False,False,Changing your Halo URL > Section 2
halo_eedd1af1_003_f17967263bec,https://usehalo.com/guide/changing-your-halo-url/,Changing your Halo URL,An Introduction to HaloPSA,3,10,168,226,structural_h2,False,False,Changing your Halo URL > Section 3
halo_eedd1af1_004_7ecb2d54ddbf,https://usehalo.com/guide/changing-your-halo-url/,Changing your Halo URL,An Introduction to HaloPSA,4,10,168,226,structural_h2,False,False,Changing your Halo URL > Section 4
halo_eedd1af1_005_f24fc2742700,https://usehalo.com/guide/changing-your-halo-url/,Changing your Halo URL,An Introduction to HaloPSA,5,10,168,226,structural_h2,False,False,Changing your Halo URL > Section 5
halo_eedd1af1_006_3f0c70c05328,https://usehalo.com/guide/changing-your-halo-url/,Changing your Halo URL,An Introduction to HaloPSA,6,10,168,226,structural_h2,False,False,Changing your Halo URL > Section 6
halo_eedd1af1_007_8ac3c2966702,https://usehalo.com/guide/changing-your-halo-url/,Changing your Halo URL,An Introduction to HaloPSA,7,10,168,226,structural_h2,False,False,Changing your Halo URL > Section 7
halo_eedd1af1_008_a55b046c4829,https://usehalo.com/guide/changing-your-halo-url/,Changing your Halo URL,An Introduction to HaloPSA,8,10,168,226,structural_h2,False,False,Changing your Halo URL > Section 8
halo_eedd1af1_009_92125e9bd99a,https://usehalo.com/guide/changing-your-halo-url/,Changing your Halo URL,An Introduction to HaloPSA,9,10,168,226,structural_h2,False,False,Changing your Halo URL > Section 9
halo_ec472cbf_000_9f346adb2911,https://usehalo.com/guide/introduction-to-halo-documentation/,Introduction to Halo Documentation,An Introduction to HaloPSA,0,5,144,194,structural_h2,False,False,Introduction to Halo Documentation
halo_ec472cbf_001_a18d52f383c7,https://usehalo.com/guide/introduction-to-halo-documentation/,Introduction to Halo Documentation,An Introduction to HaloPSA,1,5,322,434,structural_h2,False,False,Introduction to Halo Documentation > Section 1
halo_ec472cbf_002_f92a4922a5a9,https://usehalo.com/guide/introduction-to-halo-documentation/,Introduction to Halo Documentation,An Introduction to HaloPSA,2,5,322,434,structural_h2,False,False,Introduction to Halo Documentation > Section 2
halo_ec472cbf_003_bf8a6e647e26,https://usehalo.com/guide/introduction-to-halo-documentation/,Introduction to Halo Documentation,An Introduction to HaloPSA,3,5,322,434,structural_h2,False,False,Introduction to Halo Documentation > Section 3
halo_ec472cbf_004_872ec13c09ca,https://usehalo.com/guide/introduction-to-halo-documentation/,Introduction to Halo Documentation,An Introduction to HaloPSA,4,5,322,434,structural_h2,False,False,Introduction to Halo Documentation > Section 4
halo_e44cce5d_000_882c435c6825,https://usehalo.com/guide/ip-addresses-for-whitelisting/,IP Addresses for Whitelisting,An Introduction to HaloPSA,0,10,186,251,structural_h2,False,False,IP Addresses for Whitelisting
halo_e44cce5d_001_8ec07e4e435a,https://usehalo.com/guide/ip-addresses-for-whitelisting/,IP Addresses for Whitelisting,An Introduction to HaloPSA,1,10,179,241,structural_h2,False,False,IP Addresses for Whitelisting > Section 1
halo_e44cce5d_002_824734ffc4ac,https://usehalo.com/guide/ip-addresses-for-whitelisting/,IP Addresses for Whitelisting,An Introduction to HaloPSA,2,10,179,241,structural_h2,False,False,IP Addresses for Whitelisting > Section 2
halo_e44cce5d_003_e6179b9a75bb,https://usehalo.com/guide/ip-addresses-for-whitelisting/,IP Addresses for Whitelisting,An Introduction to HaloPSA,3,10,179,241,structural_h2,False,False,IP Addresses for Whitelisting > Section 3
halo_e44cce5d_004_b85320a37a07,https://usehalo.com/guide/ip-addresses-for-whitelisting/,IP Addresses for Whitelisting,An Introduction to HaloPSA,4,10,179,241,structural_h2,False,False,IP Addresses for Whitelisting > Section 4
halo_e44cce5d_005_6f9387c98d21,https://usehalo.com/guide/ip-addresses-for-whitelisting/,IP Addresses for Whitelisting,An Introduction to HaloPSA,5,10,179,241,structural_h2,False,False,IP Addresses for Whitelisting > Section 5
halo_e44cce5d_006_0d52cadbffda,https://usehalo.com/guide/ip-addresses-for-whitelisting/,IP Addresses for Whitelisting,An Introduction to HaloPSA,6,10,179,241,structural_h2,False,False,IP Addresses for Whitelisting > Section 6
halo_e44cce5d_007_6396c83ea4bf,https://usehalo.com/guide/ip-addresses-for-whitelisting/,IP Addresses for Whitelisting,An Introduction to HaloPSA,7,10,179,241,structural_h2,False,False,IP Addresses for Whitelisting > Section 7
halo_e44cce5d_008_50eebddd5946,https://usehalo.com/guide/ip-addresses-for-whitelisting/,IP Addresses for Whitelisting,An Introduction to HaloPSA,8,10,179,241,structural_h2,False,False,IP Addresses for Whitelisting > Section 8
halo_e44cce5d_009_579253735a6e,https://usehalo.com/guide/ip-addresses-for-whitelisting/,IP Addresses for Whitelisting,An Introduction to HaloPSA,9,10,179,241,structural_h2,False,False,IP Addresses for Whitelisting > Section 9
halo_b762543c_000_99afa27ca85f,https://usehalo.com/guide/navigating-the-self-service-portal-for-end-users/,Navigating the Self-Service Portal (For End Users),An Introduction to HaloPSA,0,5,99,133,structural_h2,False,False,Navigating the Self-Service Portal (For End Users)
halo_b762543c_001_1f2a6767b0f6,https://usehalo.com/guide/navigating-the-self-service-portal-for-end-users/,Navigating the Self-Service Portal (For End Users),An Introduction to HaloPSA,1,5,225,303,structural_h2,False,False,Navigating the Self-Service Portal (For End Users) > Section 1
halo_b762543c_002_5f9f1f2c0ad9,https://usehalo.com/guide/navigating-the-self-service-portal-for-end-users/,Navigating the Self-Service Portal (For End Users),An Introduction to HaloPSA,2,5,225,303,structural_h2,False,False,Navigating the Self-Service Portal (For End Users) > Section 2
halo_b762543c_003_e8456cc529c1,https://usehalo.com/guide/navigating-the-self-service-portal-for-end-users/,Navigating the Self-Service Portal (For End Users),An Introduction to HaloPSA,3,5,225,303,structural_h2,False,False,Navigating the Self-Service Portal (For End Users) > Section 3
halo_b762543c_004_13a5c0fa935d,https://usehalo.com/guide/navigating-the-self-service-portal-for-end-users/,Navigating the Self-Service Portal (For End Users),An Introduction to HaloPSA,4,5,225,303,structural_h2,False,False,Navigating the Self-Service Portal (For End Users) > Section 4
halo_42219c79_000_710a7c534646,https://usehalo.com/guide/release-notes/,Release Notes,An Introduction to HaloPSA,0,7,132,178,structural_h2,False,False,Release Notes
halo_42219c79_001_eff017f1d652,https://usehalo.com/guide/release-notes/,Release Notes,An Introduction to HaloPSA,1,7,366,494,fixed_window,False,False,Release Notes > Section 1 > (part 1)
halo_42219c79_002_72bc7347fa2d,https://usehalo.com/guide/release-notes/,Release Notes,An Introduction to HaloPSA,2,7,54,72,fixed_window,False,False,Release Notes > Section 1 > (part 2)
halo_42219c79_003_7545b368f2ac,https://usehalo.com/guide/release-notes/,Release Notes,An Introduction to HaloPSA,3,7,366,494,fixed_window,False,False,Release Notes > Section 2 > (part 1)
halo_42219c79_004_72bc7347fa2d,https://usehalo.com/guide/release-notes/,Release Notes,An Introduction to HaloPSA,4,7,54,72,fixed_window,False,False,Release Notes > Section 2 > (part 2)
halo_42219c79_005_4525ec138421,https://usehalo.com/guide/release-notes/,Release Notes,An Introduction to HaloPSA,5,7,366,494,fixed_window,False,False,Release Notes > Section 3 > (part 1)
halo_42219c79_006_72bc7347fa2d,https://usehalo.com/guide/release-notes/,Release Notes,An Introduction to HaloPSA,6,7,54,72,fixed_window,False,False,Release Notes > Section 3 > (part 2)
halo_7ea5dc42_000_c3576c5ac8ac,https://usehalo.com/guide/terminology/,Terminology,An Introduction to HaloPSA,0,8,180,243,structural_h2,False,False,Terminology
halo_7ea5dc42_001_78ea069e1af3,https://usehalo.com/guide/terminology/,Terminology,An Introduction to HaloPSA,1,8,235,317,structural_h2,False,False,Terminology > Section 1
halo_7ea5dc42_002_aa4345e46c79,https://usehalo.com/guide/terminology/,Terminology,An Introduction to HaloPSA,2,8,235,317,structural_h2,False,False,Terminology > Section 2
halo_7ea5dc42_003_31d571f32ad2,https://usehalo.com/guide/terminology/,Terminology,An Introduction to HaloPSA,3,8,235,317,structural_h2,False,False,Terminology > Section 3
halo_7ea5dc42_004_044eb374efdf,https://usehalo.com/guide/terminology/,Terminology,An Introduction to HaloPSA,4,8,235,317,structural_h2,False,False,Terminology > Section 4
halo_7ea5dc42_005_8502628789c8,https://usehalo.com/guide/terminology/,Terminology,An Introduction to HaloPSA,5,8,235,317,structural_h2,False,False,Terminology > Section 5
halo_7ea5dc42_006_66cafca9218c,https://usehalo.com/guide/terminology/,Terminology,An Introduction to HaloPSA,6,8,235,317,structural_h2,False,False,Terminology > Section 6
halo_7ea5dc42_007_7c6232ac80ca,https://usehalo.com/guide/terminology/,Terminology,An Introduction to HaloPSA,7,8,235,317,structural_h2,False,False,Terminology > Section 7
halo_6f448bbb_000_8f812b5bce42,https://usehalo.com/guide/step-by-step-configuration-walk-through/,Step-by-Step Configuration Walk Through,An Introduction to HaloPSA,0,10,219,295,structural_h2,False,False,Step-by-Step Configuration Walk Through
halo_6f448bbb_001_0f82639e6ae1,https://usehalo.com/guide/step-by-step-configuration-walk-through/,Step-by-Step Configuration Walk Through,An Introduction to HaloPSA,1,10,223,301,structural_h2,False,False,Step-by-Step Configuration Walk Through > Section 1
halo_6f448bbb_002_4ff4707d40f5,https://usehalo.com/guide/step-by-step-configuration-walk-through/,Step-by-Step Configuration Walk Through,An Introduction to HaloPSA,2,10,223,301,structural_h2,False,False,Step-by-Step Configuration Walk Through > Section 2
halo_6f448bbb_003_03f737004a50,https://usehalo.com/guide/step-by-step-configuration-walk-through/,Step-by-Step Configuration Walk Through,An Introduction to HaloPSA,3,10,223,301,structural_h2,False,False,Step-by-Step Configuration Walk Through > Section 3
halo_6f448bbb_004_d2bdc55d4094,https://usehalo.com/guide/step-by-step-configuration-walk-through/,Step-by-Step Configuration Walk Through,An Introduction to HaloPSA,4,10,223,301,structural_h2,False,False,Step-by-Step Configuration Walk Through > Section 4
halo_6f448bbb_005_cdb54515eeb2,https://usehalo.com/guide/step-by-step-configuration-walk-through/,Step-by-Step Configuration Walk Through,An Introduction to HaloPSA,5,10,223,301,structural_h2,False,False,Step-by-Step Configuration Walk Through > Section 5
halo_6f448bbb_006_598c8fbea2ed,https://usehalo.com/guide/step-by-step-configuration-walk-through/,Step-by-Step Configuration Walk Through,An Introduction to HaloPSA,6,10,223,301,structural_h2,False,False,Step-by-Step Configuration Walk Through > Section 6
halo_6f448bbb_007_5ab569ac2c5f,https://usehalo.com/guide/step-by-step-configuration-walk-through/,Step-by-Step Configuration Walk Through,An Introduction to HaloPSA,7,10,223,301,structural_h2,False,False,Step-by-Step Configuration Walk Through > Section 7
halo_6f448bbb_008_c84e149899ba,https://usehalo.com/guide/step-by-step-configuration-walk-through/,Step-by-Step Configuration Walk Through,An Introduction to HaloPSA,8,10,223,301,structural_h2,False,False,Step-by-Step Configuration Walk Through > Section 8
halo_6f448bbb_009_e7d2fb92f848,https://usehalo.com/guide/step-by-step-configuration-walk-through/,Step-by-Step Configuration Walk Through,An Introduction to HaloPSA,9,10,223,301,structural_h2,False,False,Step-by-Step Configuration Walk Through > Section 9
halo_71623eb3_000_7f57f4ea4865,https://usehalo.com/guide/actions/,Actions,Configuration,0,7,106,143,structural_h2,False,False,Actions
halo_71623eb3_001_1bf794f23657,https://usehalo.com/guide/actions/,Actions,Configuration,1,7,153,206,structural_h2,False,False,Actions > Section 1
halo_71623eb3_002_3d1727e64df2,https://usehalo.com/guide/actions/,Actions,Configuration,2,7,153,206,structural_h2,False,False,Actions > Section 2
halo_71623eb3_003_484d8a69bbd3,https://usehalo.com/guide/actions/,Actions,Configuration,3,7,153,206,structural_h2,False,False,Actions > Section 3
halo_71623eb3_004_4099e30c8de5,https://usehalo.com/guide/actions/,Actions,Configuration,4,7,153,206,structural_h2,False,False,Actions > Section 4
halo_71623eb3_005_15125672388c,https://usehalo.com/guide/actions/,Actions,Configuration,5,7,153,206,structural_h2,False,False,Actions > Section 5
halo_71623eb3_006_fce11d8850f1,https://usehalo.com/guide/actions/,Actions,Configuration,6,7,153,206,structural_h2,False,False,Actions > Section 6
halo_a2249af4_000_08a7a522860b,https://usehalo.com/guide/agents-configuration/,Agents Configuration,Configuration,0,6,116,156,structural_h2,False,False,Agents Configuration
halo_a2249af4_001_828ce53d3f28,https://usehalo.com/guide/agents-configuration/,Agents Configuration,Configuration,1,6,206,278,structural_h2,False,False,Agents Configuration > Section 1
halo_a2249af4_002_05ef2aa32512,https://usehalo.com/guide/agents-configuration/,Agents Configuration,Configuration,2,6,206,278,structural_h2,False,False,Agents Configuration > Section 2
halo_a2249af4_003_0ba5c112b088,https://usehalo.com/guide/agents-configuration/,Agents Configuration,Configuration,3,6,206,278,structural_h2,False,False,Agents Configuration > Section 3
halo_a2249af4_004_23f60884b9dd,https://usehalo.com/guide/agents-configuration/,Agents Configuration,Configuration,4,6,206,278,structural_h2,False,False,Agents Configuration > Section 4
halo_a2249af4_005_5d0d79b1b960,https://usehalo.com/guide/agents-configuration/,Agents Configuration,Configuration,5,6,206,278,structural_h2,False,False,Agents Configuration > Section 5
halo_31b54368_000_425926bfcd5c,https://usehalo.com/guide/custom-fields/,Custom Fields,Configuration,0,6,88,118,structural_h2,False,False,Custom Fields
halo_31b54368_001_1bf794f23657,https://usehalo.com/guide/custom-fields/,Custom Fields,Configuration,1,6,153,206,structural_h2,False,False,Custom Fields > Section 1
halo_31b54368_002_3d1727e64df2,https://usehalo.com/guide/custom-fields/,Custom Fields,Configuration,2,6,153,206,structural_h2,False,False,Custom Fields > Section 2
halo_31b54368_003_484d8a69bbd3,https://usehalo.com/guide/custom-fields/,Custom Fields,Configuration,3,6,153,206,structural_h2,False,False,Custom Fields > Section 3
halo_31b54368_004_4099e30c8de5,https://usehalo.com/guide/custom-fields/,Custom Fields,Configuration,4,6,153,206,structural_h2,False,False,Custom Fields > Section 4
halo_31b54368_005_15125672388c,https://usehalo.com/guide/custom-fields/,Custom Fields,Configuration,5,6,153,206,structural_h2,False,False,Custom Fields > Section 5
halo_a420b2e6_000_bba4926e7d52,https://usehalo.com/guide/general-settings-asset-management/,General Settings (Asset Management),Configuration,0,4,109,147,structural_h2,False,False,General Settings (Asset Management)
halo_a420b2e6_001_322417bd4f5b,https://usehalo.com/guide/general-settings-asset-management/,General Settings (Asset Management),Configuration,1,4,327,441,structural_h2,False,False,General Settings (Asset Management) > Section 1
halo_a420b2e6_002_22ad420a8294,https://usehalo.com/guide/general-settings-asset-management/,General Settings (Asset Management),Configuration,2,4,327,441,structural_h2,False,False,General Settings (Asset Management) > Section 2
halo_a420b2e6_003_575bf70a9fe0,https://usehalo.com/guide/general-settings-asset-management/,General Settings (Asset Management),Configuration,3,4,327,441,structural_h2,False,False,General Settings (Asset Management) > Section 3
halo_ab51033b_000_082ffb285fa8,https://usehalo.com/guide/general-settings-tickets/,General Settings (Tickets),Configuration,0,3,59,79,structural_h2,False,False,General Settings (Tickets)
halo_ab51033b_001_61e0d6a86906,https://usehalo.com/guide/general-settings-tickets/,General Settings (Tickets),Configuration,1,3,245,330,structural_h2,False,False,General Settings (Tickets) > Section 1
halo_ab51033b_002_7be82dfe96e3,https://usehalo.com/guide/general-settings-tickets/,General Settings (Tickets),Configuration,2,3,245,330,structural_h2,False,False,General Settings (Tickets) > Section 2
halo_750430fc_000_94ec270e268b,https://usehalo.com/guide/items-and-stock-control/,Items & Stock Control,Configuration,0,4,109,147,structural_h2,False,False,Items & Stock Control
halo_750430fc_001_096d6b0afffa,https://usehalo.com/guide/items-and-stock-control/,Items & Stock Control,Configuration,1,4,316,426,structural_h2,False,False,Items & Stock Control > Section 1
halo_750430fc_002_d01e588b3ef9,https://usehalo.com/guide/items-and-stock-control/,Items & Stock Control,Configuration,2,4,316,426,structural_h2,False,False,Items & Stock Control > Section 2
halo_750430fc_003_70bae83dec56,https://usehalo.com/guide/items-and-stock-control/,Items & Stock Control,Configuration,3,4,316,426,structural_h2,False,False,Items & Stock Control > Section 3
halo_a9c870b3_000_3e9011f27bd0,https://usehalo.com/guide/recurring-invoices/,Recurring Invoices,Billing,0,6,107,144,structural_h2,False,False,Recurring Invoices
halo_a9c870b3_001_7b2d8dc34704,https://usehalo.com/guide/recurring-invoices/,Recurring Invoices,Billing,1,6,195,263,structural_h2,False,False,Recurring Invoices > Section 1
halo_a9c870b3_002_844c54e4d80d,https://usehalo.com/guide/recurring-invoices/,Recurring Invoices,Billing,2,6,195,263,structural_h2,False,False,Recurring Invoices > Section 2
halo_a9c870b3_003_0e47f94a55c8,https://usehalo.com/guide/recurring-invoices/,Recurring Invoices,Billing,3,6,195,263,structural_h2,False,False,Recurring Invoices > Section 3
halo_a9c870b3_004_83429177414d,https://usehalo.com/guide/recurring-invoices/,Recurring Invoices,Billing,4,6,195,263,structural_h2,False,False,Recurring Invoices > Section 4
halo_a9c870b3_005_4266b5738099,https://usehalo.com/guide/recurring-invoices/,Recurring Invoices,Billing,5,6,195,263,structural_h2,False,False,Recurring Invoices > Section 5
halo_0c192869_000_268c794f8711,https://usehalo.com/guide/self-service-portal-configuration/,Self Service Portal Configuration,Self Service Portal,0,5,132,178,structural_h2,False,False,Self Service Portal Configuration
halo_0c192869_001_9ad17e012443,https://usehalo.com/guide/self-service-portal-configuration/,Self Service Portal Configuration,Self Service Portal,1,5,299,403,structural_h2,False,False,Self Service Portal Configuration > Section 1
halo_0c192869_002_7fc33a7de919,https://usehalo.com/guide/self-service-portal-configuration/,Self Service Portal Configuration,Self Service Portal,2,5,299,403,structural_h2,False,False,Self Service Portal Configuration > Section 2
halo_0c192869_003_9e738284b19f,https://usehalo.com/guide/self-service-portal-configuration/,Self Service Portal Configuration,Self Service Portal,3,5,299,403,structural_h2,False,False,Self Service Portal Configuration > Section 3
halo_0c192869_004_8233d6f0052d,https://usehalo.com/guide/self-service-portal-configuration/,Self Service Portal Configuration,Self Service Portal,4,5,299,403,structural_h2,False,False,Self Service Portal Configuration > Section 4
halo_961c0231_000_7237e49f8056,https://usehalo.com/guide/services/,Services,Configuration,0,3,57,76,structural_h2,False,False,Services
halo_961c0231_001_61e0d6a86906,https://usehalo.com/guide/services/,Services,Configuration,1,3,245,330,structural_h2,False,False,Services > Section 1
halo_961c0231_002_7be82dfe96e3,https://usehalo.com/guide/services/,Services,Configuration,2,3,245,330,structural_h2,False,False,Services > Section 2
halo_5a8e32e6_000_99a9081265ef,https://usehalo.com/guide/service-level-agreements/,Service Level Agreements,SLA,0,7,127,171,structural_h2,False,False,Service Level Agreements
halo_5a8e32e6_001_822e141d4442,https://usehalo.com/guide/service-level-agreements/,Service Level Agreements,SLA,1,7,359,484,fixed_window,False,False,Service Level Agreements > Section 1 > (part 1)
halo_5a8e32e6_002_cc5c5ca7e78c,https://usehalo.com/guide/service-level-agreements/,Service Level Agreements,SLA,2,7,47,63,fixed_window,False,False,Service Level Agreements > Section 1 > (part 2)
halo_5a8e32e6_003_950b88575f82,https://usehalo.com/guide/service-level-agreements/,Service Level Agreements,SLA,3,7,359,484,fixed_window,False,False,Service Level Agreements > Section 2 > (part 1)
halo_5a8e32e6_004_cc5c5ca7e78c,https://usehalo.com/guide/service-level-agreements/,Service Level Agreements,SLA,4,7,47,63,fixed_window,False,False,Service Level Agreements > Section 2 > (part 2)
halo_5a8e32e6_005_2c543977a058,https://usehalo.com/guide/service-level-agreements/,Service Level Agreements,SLA,5,7,359,484,fixed_window,False,False,Service Level Agreements > Section 3 > (part 1)
halo_5a8e32e6_006_cc5c5ca7e78c,https://usehalo.com/guide/service-level-agreements/,Service Level Agreements,SLA,6,7,47,63,fixed_window,False,False,Service Level Agreements > Section 3 > (part 2)
halo_38ccc707_000_4e351c837da2,https://usehalo.com/guide/statuses/,Statuses,Configuration,0,7,96,129,structural_h2,False,False,Statuses
halo_38ccc707_001_8213c74b9c5b,https://usehalo.com/guide/statuses/,Statuses,Configuration,1,7,144,194,structural_h2,False,False,Statuses > Section 1
halo_38ccc707_002_ba08bead2316,https://usehalo.com/guide/statuses/,Statuses,Configuration,2,7,144,194,structural_h2,False,False,Statuses > Section 2
halo_38ccc707_003_743773e7039b,https://usehalo.com/guide/statuses/,Statuses,Configuration,3,7,144,194,structural_h2,False,False,Statuses > Section 3
halo_38ccc707_004_c0a6da804d93,https://usehalo.com/guide/statuses/,Statuses,Configuration,4,7,144,194,structural_h2,False,False,Statuses > Section 4
halo_38ccc707_005_94b48c880393,https://usehalo.com/guide/statuses/,Statuses,Configuration,5,7,144,194,structural_h2,False,False,Statuses > Section 5
halo_38ccc707_006_66d359c0e99c,https://usehalo.com/guide/statuses/,Statuses,Configuration,6,7,144,194,structural_h2,False,False,Statuses > Section 6
halo_d9fcb294_000_5c8acc4ab14a,https://usehalo.com/guide/views/,Views,Configuration,0,3,57,76,structural_h2,False,False,Views
halo_d9fcb294_001_a99c55d252b8,https://usehalo.com/guide/views/,Views,Configuration,1,3,264,356,structural_h2,False,False,Views > Section 1
halo_d9fcb294_002_4dc49b271ffc,https://usehalo.com/guide/views/,Views,Configuration,2,3,264,356,structural_h2,False,False,Views > Section 2
halo_a7d77971_000_256042d07746,https://usehalo.com/guide/ticket-types/,Ticket Types,Tickets,0,5,126,170,structural_h2,False,False,Ticket Types
halo_a7d77971_001_76b50933620f,https://usehalo.com/guide/ticket-types/,Ticket Types,Tickets,1,5,295,398,structural_h2,False,False,Ticket Types > Section 1
halo_a7d77971_002_3b6780e93f30,https://usehalo.com/guide/ticket-types/,Ticket Types,Tickets,2,5,295,398,structural_h2,False,False,Ticket Types > Section 2
halo_a7d77971_003_e6b22ace52ae,https://usehalo.com/guide/ticket-types/,Ticket Types,Tickets,3,5,295,398,structural_h2,False,False,Ticket Types > Section 3
halo_a7d77971_004_603c634f22a7,https://usehalo.com/guide/ticket-types/,Ticket Types,Tickets,4,5,295,398,structural_h2,False,False,Ticket Types > Section 4
halo_182d935e_000_87a44121724d,https://usehalo.com/guide/modifying-and-adding-workflows/,Modifying and Adding Workflows,Tickets,0,4,118,159,structural_h2,False,False,Modifying and Adding Workflows
halo_182d935e_001_3189752282a6,https://usehalo.com/guide/modifying-and-adding-workflows/,Modifying and Adding Workflows,Tickets,1,4,346,467,structural_h2,False,False,Modifying and Adding Workflows > Section 1
halo_182d935e_002_c1d0c1565128,https://usehalo.com/guide/modifying-and-adding-workflows/,Modifying and Adding Workflows,Tickets,2,4,346,467,structural_h2,False,False,Modifying and Adding Workflows > Section 2
halo_182d935e_003_c9c0c1207afe,https://usehalo.com/guide/modifying-and-adding-workflows/,Modifying and Adding Workflows,Tickets,3,4,346,467,structural_h2,False,False,Modifying and Adding Workflows > Section 3
halo_ad53ae24_000_ee60f69064c4,https://usehalo.com/guide/problem-management/,Problem Management,Tickets,0,6,173,233,structural_h2,False,False,Problem Management
halo_ad53ae24_001_4c64d66bb79b,https://usehalo.com/guide/problem-management/,Problem Management,Tickets,1,6,304,410,structural_h2,False,False,Problem Management > Section 1
halo_ad53ae24_002_7a90028b1402,https://usehalo.com/guide/problem-management/,Problem Management,Tickets,2,6,304,410,structural_h2,False,False,Problem Management > Section 2
halo_ad53ae24_003_6bf1951a0121,https://usehalo.com/guide/problem-management/,Problem Management,Tickets,3,6,304,410,structural_h2,False,False,Problem Management > Section 3
halo_ad53ae24_004_e6a871176bf5,https://usehalo.com/guide/problem-management/,Problem Management,Tickets,4,6,304,410,structural_h2,False,False,Problem Management > Section 4
halo_ad53ae24_005_c7a5cf394788,https://usehalo.com/guide/problem-management/,Problem Management,Tickets,5,6,304,410,structural_h2,False,False,Problem Management > Section 5
halo_6a41c3bb_000_ce116c76531e,https://usehalo.com/guide/canned-text/,Canned Text,Tickets,0,5,136,183,structural_h2,False,False,Canned Text
halo_6a41c3bb_001_3079f09fa607,https://usehalo.com/guide/canned-text/,Canned Text,Tickets,1,5,316,426,structural_h2,False,False,Canned Text > Section 1
halo_6a41c3bb_002_bbf52de87da1,https://usehalo.com/guide/canned-text/,Canned Text,Tickets,2,5,316,426,structural_h2,False,False,Canned Text > Section 2
halo_6a41c3bb_003_299c87a6231e,https://usehalo.com/guide/canned-text/,Canned Text,Tickets,3,5,316,426,structural_h2,False,False,Canned Text > Section 3
halo_6a41c3bb_004_ce45f7818039,https://usehalo.com/guide/canned-text/,Canned Text,Tickets,4,5,316,426,structural_h2,False,False,Canned Text > Section 4
halo_589082c3_000_71a2e5001219,https://usehalo.com/guide/field-groups/,Field Groups,Tickets,0,5,107,144,structural_h2,False,False,Field Groups
halo_589082c3_001_b71fbd2d3d11,https://usehalo.com/guide/field-groups/,Field Groups,Tickets,1,5,361,487,fixed_window,False,False,Field Groups > Section 1 > (part 1)
halo_589082c3_002_368bbbd94b26,https://usehalo.com/guide/field-groups/,Field Groups,Tickets,2,5,141,190,fixed_window,False,False,Field Groups > Section 1 > (part 2)
halo_589082c3_003_9879908f1d69,https://usehalo.com/guide/field-groups/,Field Groups,Tickets,3,5,361,487,fixed_window,False,False,Field Groups > Section 2 > (part 1)
halo_589082c3_004_f087dce84be0,https://usehalo.com/guide/field-groups/,Field Groups,Tickets,4,5,141,190,fixed_window,False,False,Field Groups > Section 2 > (part 2)
halo_58c643b2_000_59411f6d2e89,https://usehalo.com/guide/call-scripts/,Call Scripts,Tickets,0,6,116,156,structural_h2,False,False,Call Scripts
halo_58c643b2_001_a8bb0f0a6fef,https://usehalo.com/guide/call-scripts/,Call Scripts,Tickets,1,6,217,292,structural_h2,False,False,Call Scripts > Section 1
halo_58c643b2_002_43914a0e9fc4,https://usehalo.com/guide/call-scripts/,Call Scripts,Tickets,2,6,217,292,structural_h2,False,False,Call Scripts > Section 2
halo_58c643b2_003_644f50168c6d,https://usehalo.com/guide/call-scripts/,Call Scripts,Tickets,3,6,217,292,structural_h2,False,False,Call Scripts > Section 3
halo_58c643b2_004_4d2ec18d0b24,https://usehalo.com/guide/call-scripts/,Call Scripts,Tickets,4,6,217,292,structural_h2,False,False,Call Scripts > Section 4
halo_58c643b2_005_5420714ae69b,https://usehalo.com/guide/call-scripts/,Call Scripts,Tickets,5,6,217,292,structural_h2,False,False,Call Scripts > Section 5
halo_2310db7c_000_f549b9a2e467,https://usehalo.com/guide/ticket-screen-breakdown/,Ticket Screen Breakdown,Tickets,0,7,108,145,structural_h2,False,False,Ticket Screen Breakdown
halo_2310db7c_001_e3d7922e37d9,https://usehalo.com/guide/ticket-screen-breakdown/,Ticket Screen Breakdown,Tickets,1,7,165,222,structural_h2,False,False,Ticket Screen Breakdown > Section 1
halo_2310db7c_002_f4eb871a5ece,https://usehalo.com/guide/ticket-screen-breakdown/,Ticket Screen Breakdown,Tickets,2,7,165,222,structural_h2,False,False,Ticket Screen Breakdown > Section 2
halo_2310db7c_003_ad2c3390bb48,https://usehalo.com/guide/ticket-screen-breakdown/,Ticket Screen Breakdown,Tickets,3,7,165,222,structural_h2,False,False,Ticket Screen Breakdown > Section 3
halo_2310db7c_004_fabd302b4d60,https://usehalo.com/guide/ticket-screen-breakdown/,Ticket Screen Breakdown,Tickets,4,7,165,222,structural_h2,False,False,Ticket Screen Breakdown > Section 4
halo_2310db7c_005_f6367e294a2c,https://usehalo.com/guide/ticket-screen-breakdown/,Ticket Screen Breakdown,Tickets,5,7,165,222,structural_h2,False,False,Ticket Screen Breakdown > Section 5
halo_2310db7c_006_5dcfdab41772,https://usehalo.com/guide/ticket-screen-breakdown/,Ticket Screen Breakdown,Tickets,6,7,165,222,structural_h2,False,False,Ticket Screen Breakdown > Section 6
halo_630ca64d_000_0026b9c09c95,https://usehalo.com/guide/dynamic-field-visibility/,Dynamic Field Visibility,Tickets,0,7,175,236,structural_h2,False,False,Dynamic Field Visibility
halo_630ca64d_001_d30269851aa5,https://usehalo.com/guide/dynamic-field-visibility/,Dynamic Field Visibility,Tickets,1,7,264,356,structural_h2,False,False,Dynamic Field Visibility > Section 1
halo_630ca64d_002_bfebcc472acf,https://usehalo.com/guide/dynamic-field-visibility/,Dynamic Field Visibility,Tickets,2,7,264,356,structural_h2,False,False,Dynamic Field Visibility > Section 2
halo_630ca64d_003_8d61997949f6,https://usehalo.com/guide/dynamic-field-visibility/,Dynamic Field Visibility,Tickets,3,7,264,356,structural_h2,False,False,Dynamic Field Visibility > Section 3
halo_630ca64d_004_2ccb786d6a9a,https://usehalo.com/guide/dynamic-field-visibility/,Dynamic Field Visibility,Tickets,4,7,264,356,structural_h2,False,False,Dynamic Field Visibility > Section 4
halo_630ca64d_005_17c903a55f9f,https://usehalo.com/guide/dynamic-field-visibility/,Dynamic Field Visibility,Tickets,5,7,264,356,structural_h2,False,False,Dynamic Field Visibility > Section 5
halo_630ca64d_006_7ee9a6bbca99,https://usehalo.com/guide/dynamic-field-visibility/,Dynamic Field Visibility,Tickets,6,7,264,356,structural_h2,False,False,Dynamic Field Visibility > Section 6
halo_f29639bc_000_5115afd99f4a,https://usehalo.com/guide/creating-tickets-via-email/,Creating Tickets via Email,Raising Tickets,0,6,111,149,structural_h2,False,False,Creating Tickets via Email
halo_f29639bc_001_86329de612ba,https://usehalo.com/guide/creating-tickets-via-email/,Creating Tickets via Email,Raising Tickets,1,6,197,265,structural_h2,False,False,Creating Tickets via Email > Section 1
halo_f29639bc_002_22b021678b4b,https://usehalo.com/guide/creating-tickets-via-email/,Creating Tickets via Email,Raising Tickets,2,6,197,265,structural_h2,False,False,Creating Tickets via Email > Section 2
halo_f29639bc_003_1b11829a8227,https://usehalo.com/guide/creating-tickets-via-email/,Creating Tickets via Email,Raising Tickets,3,6,197,265,structural_h2,False,False,Creating Tickets via Email > Section 3
halo_f29639bc_004_4efddf741778,https://usehalo.com/guide/creating-tickets-via-email/,Creating Tickets via Email,Raising Tickets,4,6,197,265,structural_h2,False,False,Creating Tickets via Email > Section 4
halo_f29639bc_005_386f6334e343,https://usehalo.com/guide/creating-tickets-via-email/,Creating Tickets via Email,Raising Tickets,5,6,197,265,structural_h2,False,False,Creating Tickets via Email > Section 5
halo_b19f8042_000_28e286e8f16e,https://usehalo.com/guide/creating-tickets-via-portal/,Creating Tickets via Portal,Raising Tickets,0,6,101,136,structural_h2,False,False,Creating Tickets via Portal
halo_b19f8042_001_7b51384fdda7,https://usehalo.com/guide/creating-tickets-via-portal/,Creating Tickets via Portal,Raising Tickets,1,6,177,238,structural_h2,False,False,Creating Tickets via Portal > Section 1
halo_b19f8042_002_87d5adb446fc,https://usehalo.com/guide/creating-tickets-via-portal/,Creating Tickets via Portal,Raising Tickets,2,6,177,238,structural_h2,False,False,Creating Tickets via Portal > Section 2
halo_b19f8042_003_d945244c2b2d,https://usehalo.com/guide/creating-tickets-via-portal/,Creating Tickets via Portal,Raising Tickets,3,6,177,238,structural_h2,False,False,Creating Tickets via Portal > Section 3
halo_b19f8042_004_62e35bc16053,https://usehalo.com/guide/creating-tickets-via-portal/,Creating Tickets via Portal,Raising Tickets,4,6,177,238,structural_h2,False,False,Creating Tickets via Portal > Section 4
halo_b19f8042_005_64770fce8a0e,https://usehalo.com/guide/creating-tickets-via-portal/,Creating Tickets via Portal,Raising Tickets,5,6,177,238,structural_h2,False,False,Creating Tickets via Portal > Section 5
halo_50e8485c_000_7878ad10b125,https://usehalo.com/guide/creating-tickets-manually/,Creating Tickets Manually,Raising Tickets,0,3,50,67,structural_h2,False,False,Creating Tickets Manually
halo_50e8485c_001_e0e42b072ada,https://usehalo.com/guide/creating-tickets-manually/,Creating Tickets Manually,Raising Tickets,1,3,229,309,structural_h2,False,False,Creating Tickets Manually > Section 1
halo_50e8485c_002_3d9b45b81d08,https://usehalo.com/guide/creating-tickets-manually/,Creating Tickets Manually,Raising Tickets,2,3,229,309,structural_h2,False,False,Creating Tickets Manually > Section 2
halo_5556f326_000_d691d14fa8a9,https://usehalo.com/guide/time-logging/,Time Logging,Tickets,0,5,116,156,structural_h2,False,False,Time Logging
halo_5556f326_001_079b5eb357ab,https://usehalo.com/guide/time-logging/,Time Logging,Tickets,1,5,359,484,fixed_window,False,False,Time Logging > Section 1 > (part 1)
halo_5556f326_002_2309286ec7a5,https://usehalo.com/guide/time-logging/,Time Logging,Tickets,2,5,166,224,fixed_window,False,False,Time Logging > Section 1 > (part 2)
halo_5556f326_003_60bd61864c43,https://usehalo.com/guide/time-logging/,Time Logging,Tickets,3,5,359,484,fixed_window,False,False,Time Logging > Section 2 > (part 1)
halo_5556f326_004_e7d1e9aa7c08,https://usehalo.com/guide/time-logging/,Time Logging,Tickets,4,5,166,224,fixed_window,False,False,Time Logging > Section 2 > (part 2)
halo_6af95cc1_000_d5ff7c865d65,https://usehalo.com/guide/sla-configuration/,SLA Configuration,SLA,0,4,79,106,structural_h2,False,False,SLA Configuration
halo_6af95cc1_001_c72729345b89,https://usehalo.com/guide/sla-configuration/,SLA Configuration,SLA,1,4,245,330,structural_h2,False,False,SLA Configuration > Section 1
halo_6af95cc1_002_c5281d1e6577,https://usehalo.com/guide/sla-configuration/,SLA Configuration,SLA,2,4,245,330,structural_h2,False,False,SLA Configuration > Section 2
halo_6af95cc1_003_6ded8d8961d2,https://usehalo.com/guide/sla-configuration/,SLA Configuration,SLA,3,4,245,330,structural_h2,False,False,SLA Configuration > Section 3
halo_aadaf771_000_a8969af2749d,https://usehalo.com/guide/workdays-work-hours/,Workdays/Work Hours,SLA,0,7,147,198,structural_h2,False,False,Workdays/Work Hours
halo_aadaf771_001_cdeb50d11dd8,https://usehalo.com/guide/workdays-work-hours/,Workdays/Work Hours,SLA,1,7,368,496,fixed_window,False,False,Workdays/Work Hours > Section 1 > (part 1)
halo_aadaf771_002_f9b15b79297a,https://usehalo.com/guide/workdays-work-hours/,Workdays/Work Hours,SLA,2,7,113,152,fixed_window,False,False,Workdays/Work Hours > Section 1 > (part 2)
halo_aadaf771_003_addf80c5111f,https://usehalo.com/guide/workdays-work-hours/,Workdays/Work Hours,SLA,3,7,368,496,fixed_window,False,False,Workdays/Work Hours > Section 2 > (part 1)
halo_aadaf771_004_f9b15b79297a,https://usehalo.com/guide/workdays-work-hours/,Workdays/Work Hours,SLA,4,7,113,152,fixed_window,False,False,Workdays/Work Hours > Section 2 > (part 2)
halo_aadaf771_005_79df51ead847,https://usehalo.com/guide/workdays-work-hours/,Workdays/Work Hours,SLA,5,7,368,496,fixed_window,False,False,Workdays/Work Hours > Section 3 > (part 1)
halo_aadaf771_006_f9b15b79297a,https://usehalo.com/guide/workdays-work-hours/,Workdays/Work Hours,SLA,6,7,113,152,fixed_window,False,False,Workdays/Work Hours > Section 3 > (part 2)
halo_e1249ea6_000_0f18f9c41a1f,https://usehalo.com/guide/sla-hold-reminders/,SLA Hold Reminders,SLA,0,6,127,171,structural_h2,False,False,SLA Hold Reminders
halo_e1249ea6_001_3fa8d66984ee,https://usehalo.com/guide/sla-hold-reminders/,SLA Hold Reminders,SLA,1,6,227,306,structural_h2,False,False,SLA Hold Reminders > Section 1
halo_e1249ea6_002_0c660bf1f18d,https://usehalo.com/guide/sla-hold-reminders/,SLA Hold Reminders,SLA,2,6,227,306,structural_h2,False,False,SLA Hold Reminders > Section 2
halo_e1249ea6_003_470dd8c96efb,https://usehalo.com/guide/sla-hold-reminders/,SLA Hold Reminders,SLA,3,6,227,306,structural_h2,False,False,SLA Hold Reminders > Section 3
halo_e1249ea6_004_76a88052ffd5,https://usehalo.com/guide/sla-hold-reminders/,SLA Hold Reminders,SLA,4,6,227,306,structural_h2,False,False,SLA Hold Reminders > Section 4
halo_e1249ea6_005_449ece902167,https://usehalo.com/guide/sla-hold-reminders/,SLA Hold Reminders,SLA,5,6,227,306,structural_h2,False,False,SLA Hold Reminders > Section 5
halo_bc2a9d59_000_560b63ec7d75,https://usehalo.com/guide/sla-module/,SLA Module,SLA,0,4,97,130,structural_h2,False,False,SLA Module
halo_bc2a9d59_001_f9c7cfa86173,https://usehalo.com/guide/sla-module/,SLA Module,SLA,1,4,284,383,structural_h2,False,False,SLA Module > Section 1
halo_bc2a9d59_002_a94cc6d9d696,https://usehalo.com/guide/sla-module/,SLA Module,SLA,2,4,284,383,structural_h2,False,False,SLA Module > Section 2
halo_bc2a9d59_003_39a31c292b6a,https://usehalo.com/guide/sla-module/,SLA Module,SLA,3,4,284,383,structural_h2,False,False,SLA Module > Section 3
halo_f0e0d938_000_e5c3c80189c6,https://usehalo.com/guide/sla-auto-release-option/,SLA Auto-Release Option,SLA,0,7,127,171,structural_h2,False,False,SLA Auto-Release Option
halo_f0e0d938_001_dbc38cd0d0c3,https://usehalo.com/guide/sla-auto-release-option/,SLA Auto-Release Option,SLA,1,7,195,263,structural_h2,False,False,SLA Auto-Release Option > Section 1
halo_f0e0d938_002_beefe6efb9b8,https://usehalo.com/guide/sla-auto-release-option/,SLA Auto-Release Option,SLA,2,7,195,263,structural_h2,False,False,SLA Auto-Release Option > Section 2
halo_f0e0d938_003_5c5ae4cc92ac,https://usehalo.com/guide/sla-auto-release-option/,SLA Auto-Release Option,SLA,3,7,195,263,structural_h2,False,False,SLA Auto-Release Option > Section 3
halo_f0e0d938_004_89b950c0feed,https://usehalo.com/guide/sla-auto-release-option/,SLA Auto-Release Option,SLA,4,7,195,263,structural_h2,False,False,SLA Auto-Release Option > Section 4
halo_f0e0d938_005_b124b7ffca58,https://usehalo.com/guide/sla-auto-release-option/,SLA Auto-Release Option,SLA,5,7,195,263,structural_h2,False,False,SLA Auto-Release Option > Section 5
halo_f0e0d938_006_2a0177657517,https://usehalo.com/guide/sla-auto-release-option/,SLA Auto-Release Option,SLA,6,7,195,263,structural_h2,False,False,SLA Auto-Release Option > Section 6
halo_54e8f86e_000_8a56414d0b17,https://usehalo.com/guide/notification-configuration/,Notification Configuration,Email Configuration,0,3,81,109,structural_h2,False,False,Notification Configuration
halo_54e8f86e_001_a09405f79bf8,https://usehalo.com/guide/notification-configuration/,Notification Configuration,Email Configuration,1,3,365,492,fixed_window,False,False,Notification Configuration > Section 1 > (part 1)
halo_54e8f86e_002_135198b003e9,https://usehalo.com/guide/notification-configuration/,Notification Configuration,Email Configuration,2,3,345,465,fixed_window,False,False,Notification Configuration > Section 1 > (part 2)
halo_d81d1bc5_000_5ef99f47232a,https://usehalo.com/guide/notification-types/,Notification Types,Email Configuration,0,3,71,95,structural_h2,False,False,Notification Types
halo_d81d1bc5_001_990f126bcc9e,https://usehalo.com/guide/notification-types/,Notification Types,Email Configuration,1,3,360,486,fixed_window,False,False,Notification Types > Section 1 > (part 1)
halo_d81d1bc5_002_67cb5c87ca61,https://usehalo.com/guide/notification-types/,Notification Types,Email Configuration,2,3,300,405,fixed_window,False,False,Notification Types > Section 1 > (part 2)
halo_d9ea171d_000_78e11a096113,https://usehalo.com/guide/editing-system-email-templates/,Editing System Email Templates,Email Configuration,0,5,111,149,structural_h2,False,False,Editing System Email Templates
halo_d9ea171d_001_8c08640bbb46,https://usehalo.com/guide/editing-system-email-templates/,Editing System Email Templates,Email Configuration,1,5,257,346,structural_h2,False,False,Editing System Email Templates > Section 1
halo_d9ea171d_002_1a2b719125db,https://usehalo.com/guide/editing-system-email-templates/,Editing System Email Templates,Email Configuration,2,5,257,346,structural_h2,False,False,Editing System Email Templates > Section 2
halo_d9ea171d_003_7410203d48a9,https://usehalo.com/guide/editing-system-email-templates/,Editing System Email Templates,Email Configuration,3,5,257,346,structural_h2,False,False,Editing System Email Templates > Section 3
halo_d9ea171d_004_e1a6f1b969fe,https://usehalo.com/guide/editing-system-email-templates/,Editing System Email Templates,Email Configuration,4,5,257,346,structural_h2,False,False,Editing System Email Templates > Section 4
halo_6f092a5d_000_ab2f67f44193,https://usehalo.com/guide/custom-email-templates/,Custom Email Templates,Email Configuration,0,4,110,148,structural_h2,False,False,Custom Email Templates
halo_6f092a5d_001_6a4c0e6b183d,https://usehalo.com/guide/custom-email-templates/,Custom Email Templates,Email Configuration,1,4,318,429,structural_h2,False,False,Custom Email Templates > Section 1
halo_6f092a5d_002_cc3b3e6d36c3,https://usehalo.com/guide/custom-email-templates/,Custom Email Templates,Email Configuration,2,4,318,429,structural_h2,False,False,Custom Email Templates > Section 2
halo_6f092a5d_003_d163935b119c,https://usehalo.com/guide/custom-email-templates/,Custom Email Templates,Email Configuration,3,4,318,429,structural_h2,False,False,Custom Email Templates > Section 3
halo_a2050885_000_a0d736f9be1f,https://usehalo.com/guide/message-groups/,Message Groups,Email Configuration,0,6,118,159,structural_h2,False,False,Message Groups
halo_a2050885_001_67ee93f2adf9,https://usehalo.com/guide/message-groups/,Message Groups,Email Configuration,1,6,219,295,structural_h2,False,False,Message Groups > Section 1
halo_a2050885_002_ab8c0c821f1e,https://usehalo.com/guide/message-groups/,Message Groups,Email Configuration,2,6,219,295,structural_h2,False,False,Message Groups > Section 2
halo_a2050885_003_5dd153f8e2ff,https://usehalo.com/guide/message-groups/,Message Groups,Email Configuration,3,6,219,295,structural_h2,False,False,Message Groups > Section 3
halo_a2050885_004_3949a10974d1,https://usehalo.com/guide/message-groups/,Message Groups,Email Configuration,4,6,219,295,structural_h2,False,False,Message Groups > Section 4
halo_a2050885_005_ba2674abc516,https://usehalo.com/guide/message-groups/,Message Groups,Email Configuration,5,6,219,295,structural_h2,False,False,Message Groups > Section 5
halo_4cd38e0f_000_22e92faf6ed9,https://usehalo.com/guide/email-template-groups/,Email Template Groups,Email Configuration,0,5,150,202,structural_h2,False,False,Email Template Groups
halo_4cd38e0f_001_f45d0876f122,https://usehalo.com/guide/email-template-groups/,Email Template Groups,Email Configuration,1,5,362,488,fixed_window,False,False,Email Template Groups > Section 1 > (part 1)
halo_4cd38e0f_002_bc6bdc55e159,https://usehalo.com/guide/email-template-groups/,Email Template Groups,Email Configuration,2,5,344,464,fixed_window,False,False,Email Template Groups > Section 1 > (part 2)
halo_4cd38e0f_004_26642b8106ac,https://usehalo.com/guide/email-template-groups/,Email Template Groups,Email Configuration,3,5,362,488,fixed_window,False,False,Email Template Groups > Section 2 > (part 1)
halo_4cd38e0f_005_560b5a013ce2,https://usehalo.com/guide/email-template-groups/,Email Template Groups,Email Configuration,4,5,344,464,fixed_window,False,False,Email Template Groups > Section 2 > (part 2)
halo_17a07bce_000_6421cc2f4203,https://usehalo.com/guide/google-mailbox-setup/,Google Mailbox Setup,Email Configuration,0,5,119,160,structural_h2,False,False,Google Mailbox Setup
halo_17a07bce_001_990f126bcc9e,https://usehalo.com/guide/google-mailbox-setup/,Google Mailbox Setup,Email Configuration,1,5,360,486,fixed_window,False,False,Google Mailbox Setup > Section 1 > (part 1)
halo_17a07bce_002_f874fa2d3385,https://usehalo.com/guide/google-mailbox-setup/,Google Mailbox Setup,Email Configuration,2,5,190,256,fixed_window,False,False,Google Mailbox Setup > Section 1 > (part 2)
halo_17a07bce_003_5753a2b28031,https://usehalo.com/guide/google-mailbox-setup/,Google Mailbox Setup,Email Configuration,3,5,360,486,fixed_window,False,False,Google Mailbox Setup > Section 2 > (part 1)
halo_17a07bce_004_cecf9cc244f2,https://usehalo.com/guide/google-mailbox-setup/,Google Mailbox Setup,Email Configuration,4,5,190,256,fixed_window,False,False,Google Mailbox Setup > Section 2 > (part 2)
halo_e6770348_000_13d1308d582a,https://usehalo.com/guide/configuring-an-azure-mailbox/,Configuring an Azure Mailbox,Email Configuration,0,4,62,83,structural_h2,False,False,Configuring an Azure Mailbox
halo_e6770348_001_093833095627,https://usehalo.com/guide/configuring-an-azure-mailbox/,Configuring an Azure Mailbox,Email Configuration,1,4,197,265,structural_h2,False,False,Configuring an Azure Mailbox > Section 1
halo_e6770348_002_a9e744e7749c,https://usehalo.com/guide/configuring-an-azure-mailbox/,Configuring an Azure Mailbox,Email Configuration,2,4,197,265,structural_h2,False,False,Configuring an Azure Mailbox > Section 2
halo_e6770348_003_dc3cd979f475,https://usehalo.com/guide/configuring-an-azure-mailbox/,Configuring an Azure Mailbox,Email Configuration,3,4,197,265,structural_h2,False,False,Configuring an Azure Mailbox > Section 3
halo_0714fc81_000_e384b0d6d7fe,https://usehalo.com/guide/outgoing-email-settings/,Outgoing Email Settings,Email Configuration,0,6,91,122,structural_h2,False,False,Outgoing Email Settings
halo_0714fc81_001_352147646f05,https://usehalo.com/guide/outgoing-email-settings/,Outgoing Email Settings,Email Configuration,1,6,166,224,structural_h2,False,False,Outgoing Email Settings > Section 1
halo_0714fc81_002_dd63ce183417,https://usehalo.com/guide/outgoing-email-settings/,Outgoing Email Settings,Email Configuration,2,6,166,224,structural_h2,False,False,Outgoing Email Settings > Section 2
halo_0714fc81_003_b4ffeaf91a7a,https://usehalo.com/guide/outgoing-email-settings/,Outgoing Email Settings,Email Configuration,3,6,166,224,structural_h2,False,False,Outgoing Email Settings > Section 3
halo_0714fc81_004_e57c01606315,https://usehalo.com/guide/outgoing-email-settings/,Outgoing Email Settings,Email Configuration,4,6,166,224,structural_h2,False,False,Outgoing Email Settings > Section 4
halo_0714fc81_005_7a61d071d158,https://usehalo.com/guide/outgoing-email-settings/,Outgoing Email Settings,Email Configuration,5,6,166,224,structural_h2,False,False,Outgoing Email Settings > Section 5
halo_67feb442_000_13e9fa0cb636,https://usehalo.com/guide/email-rules/,Email Rules,Email Configuration,0,4,60,81,structural_h2,False,False,Email Rules
halo_67feb442_001_bbb6d7f90254,https://usehalo.com/guide/email-rules/,Email Rules,Email Configuration,1,4,177,238,structural_h2,False,False,Email Rules > Section 1
halo_67feb442_002_dbf332070212,https://usehalo.com/guide/email-rules/,Email Rules,Email Configuration,2,4,177,238,structural_h2,False,False,Email Rules > Section 2
halo_67feb442_003_379c6351845d,https://usehalo.com/guide/email-rules/,Email Rules,Email Configuration,3,4,177,238,structural_h2,False,False,Email Rules > Section 3
halo_14ebe299_000_8ee80aa1fab5,https://usehalo.com/guide/sms-settings/,SMS Settings,Email Configuration,0,5,118,159,structural_h2,False,False,SMS Settings
halo_14ebe299_001_990f126bcc9e,https://usehalo.com/guide/sms-settings/,SMS Settings,Email Configuration,1,5,360,486,fixed_window,False,False,SMS Settings > Section 1 > (part 1)
halo_14ebe299_002_33cee038dfde,https://usehalo.com/guide/sms-settings/,SMS Settings,Email Configuration,2,5,200,270,fixed_window,False,False,SMS Settings > Section 1 > (part 2)
halo_14ebe299_003_5753a2b28031,https://usehalo.com/guide/sms-settings/,SMS Settings,Email Configuration,3,5,360,486,fixed_window,False,False,SMS Settings > Section 2 > (part 1)
halo_14ebe299_004_9725eaeb1336,https://usehalo.com/guide/sms-settings/,SMS Settings,Email Configuration,4,5,200,270,fixed_window,False,False,SMS Settings > Section 2 > (part 2)
halo_b77fe793_000_a93929bac66e,https://usehalo.com/guide/quotations/,Quotations,Billing,0,8,182,245,structural_h2,False,False,Quotations
halo_b77fe793_001_9e83fdfc291c,https://usehalo.com/guide/quotations/,Quotations,Billing,1,8,236,318,structural_h2,False,False,Quotations > Section 1
halo_b77fe793_002_cf3214e39dc2,https://usehalo.com/guide/quotations/,Quotations,Billing,2,8,236,318,structural_h2,False,False,Quotations > Section 2
halo_b77fe793_003_4e65226bb49d,https://usehalo.com/guide/quotations/,Quotations,Billing,3,8,236,318,structural_h2,False,False,Quotations > Section 3
halo_b77fe793_004_0ffab3b9e2fb,https://usehalo.com/guide/quotations/,Quotations,Billing,4,8,236,318,structural_h2,False,False,Quotations > Section 4
halo_b77fe793_005_0b4937d81e02,https://usehalo.com/guide/quotations/,Quotations,Billing,5,8,236,318,structural_h2,False,False,Quotations > Section 5
halo_b77fe793_006_acc34c1f86b4,https://usehalo.com/guide/quotations/,Quotations,Billing,6,8,236,318,structural_h2,False,False,Quotations > Section 6
halo_b77fe793_007_c499bd0ae7fb,https://usehalo.com/guide/quotations/,Quotations,Billing,7,8,236,318,structural_h2,False,False,Quotations > Section 7
halo_a86a007d_000_e56b452fe42e,https://usehalo.com/guide/sales-orders/,Sales Orders,Billing,0,4,79,106,structural_h2,False,False,Sales Orders
halo_a86a007d_001_0b39078d9020,https://usehalo.com/guide/sales-orders/,Sales Orders,Billing,1,4,227,306,structural_h2,False,False,Sales Orders > Section 1
halo_a86a007d_002_58e0301175c4,https://usehalo.com/guide/sales-orders/,Sales Orders,Billing,2,4,227,306,structural_h2,False,False,Sales Orders > Section 2
halo_a86a007d_003_7bc7c5c56e3a,https://usehalo.com/guide/sales-orders/,Sales Orders,Billing,3,4,227,306,structural_h2,False,False,Sales Orders > Section 3
halo_e2ff89b4_000_2b1f56ac0287,https://usehalo.com/guide/purchase-orders/,Purchase Orders,Billing,0,6,107,144,structural_h2,False,False,Purchase Orders
halo_e2ff89b4_001_be2e1584d5b4,https://usehalo.com/guide/purchase-orders/,Purchase Orders,Billing,1,6,184,248,structural_h2,False,False,Purchase Orders > Section 1
halo_e2ff89b4_002_a7a932759bdd,https://usehalo.com/guide/purchase-orders/,Purchase Orders,Billing,2,6,184,248,structural_h2,False,False,Purchase Orders > Section 2
halo_e2ff89b4_003_938ffcd31a02,https://usehalo.com/guide/purchase-orders/,Purchase Orders,Billing,3,6,184,248,structural_h2,False,False,Purchase Orders > Section 3
halo_e2ff89b4_004_e9dbbfff95c2,https://usehalo.com/guide/purchase-orders/,Purchase Orders,Billing,4,6,184,248,structural_h2,False,False,Purchase Orders > Section 4
halo_e2ff89b4_005_8cb8d8a1c676,https://usehalo.com/guide/purchase-orders/,Purchase Orders,Billing,5,6,184,248,structural_h2,False,False,Purchase Orders > Section 5
halo_af923406_000_910282b29a65,https://usehalo.com/guide/customer-contracts/,Customer Contracts,Billing,0,3,79,106,structural_h2,False,False,Customer Contracts
halo_af923406_001_c5c2686f478c,https://usehalo.com/guide/customer-contracts/,Customer Contracts,Billing,1,3,368,496,fixed_window,False,False,Customer Contracts > Section 1 > (part 1)
halo_af923406_002_4d3a5a69cc94,https://usehalo.com/guide/customer-contracts/,Customer Contracts,Billing,2,3,347,468,fixed_window,False,False,Customer Contracts > Section 1 > (part 2)
halo_ab17659b_000_4668ee505d7e,https://usehalo.com/guide/supplier-contracts/,Supplier Contracts,Billing,0,6,126,170,structural_h2,False,False,Supplier Contracts
halo_ab17659b_001_450aa7d613f1,https://usehalo.com/guide/supplier-contracts/,Supplier Contracts,Billing,1,6,217,292,structural_h2,False,False,Supplier Contracts > Section 1
halo_ab17659b_002_1c8df7784030,https://usehalo.com/guide/supplier-contracts/,Supplier Contracts,Billing,2,6,217,292,structural_h2,False,False,Supplier Contracts > Section 2
halo_ab17659b_003_ef6c509c0ab0,https://usehalo.com/guide/supplier-contracts/,Supplier Contracts,Billing,3,6,217,292,structural_h2,False,False,Supplier Contracts > Section 3
halo_ab17659b_004_0de6d90a4af6,https://usehalo.com/guide/supplier-contracts/,Supplier Contracts,Billing,4,6,217,292,structural_h2,False,False,Supplier Contracts > Section 4
halo_ab17659b_005_d449f4acd5f3,https://usehalo.com/guide/supplier-contracts/,Supplier Contracts,Billing,5,6,217,292,structural_h2,False,False,Supplier Contracts > Section 5
halo_bc2a22ff_000_e0c854276c1f,https://usehalo.com/guide/pdf-templates/,PDF Templates,Billing,0,9,173,233,structural_h2,False,False,PDF Templates
halo_bc2a22ff_001_be2e1584d5b4,https://usehalo.com/guide/pdf-templates/,PDF Templates,Billing,1,9,184,248,structural_h2,False,False,PDF Templates > Section 1
halo_bc2a22ff_002_a7a932759bdd,https://usehalo.com/guide/pdf-templates/,PDF Templates,Billing,2,9,184,248,structural_h2,False,False,PDF Templates > Section 2
halo_bc2a22ff_003_938ffcd31a02,https://usehalo.com/guide/pdf-templates/,PDF Templates,Billing,3,9,184,248,structural_h2,False,False,PDF Templates > Section 3
halo_bc2a22ff_004_e9dbbfff95c2,https://usehalo.com/guide/pdf-templates/,PDF Templates,Billing,4,9,184,248,structural_h2,False,False,PDF Templates > Section 4
halo_bc2a22ff_005_8cb8d8a1c676,https://usehalo.com/guide/pdf-templates/,PDF Templates,Billing,5,9,184,248,structural_h2,False,False,PDF Templates > Section 5
halo_bc2a22ff_006_4500c91da5c9,https://usehalo.com/guide/pdf-templates/,PDF Templates,Billing,6,9,184,248,structural_h2,False,False,PDF Templates > Section 6
halo_bc2a22ff_007_3be9b0e39646,https://usehalo.com/guide/pdf-templates/,PDF Templates,Billing,7,9,184,248,structural_h2,False,False,PDF Templates > Section 7
halo_bc2a22ff_008_5c4cb60c7a9c,https://usehalo.com/guide/pdf-templates/,PDF Templates,Billing,8,9,184,248,structural_h2,False,False,PDF Templates > Section 8
halo_5397dea0_000_a75692f00ccf,https://usehalo.com/guide/recurring-invoice-approvals/,Recurring Invoice Approvals,Billing,0,7,186,251,structural_h2,False,False,Recurring Invoice Approvals
halo_5397dea0_001_4d1817a5bb7a,https://usehalo.com/guide/recurring-invoice-approvals/,Recurring Invoice Approvals,Billing,1,7,284,383,structural_h2,False,False,Recurring Invoice Approvals > Section 1
halo_5397dea0_002_2fe59298d79e,https://usehalo.com/guide/recurring-invoice-approvals/,Recurring Invoice Approvals,Billing,2,7,284,383,structural_h2,False,False,Recurring Invoice Approvals > Section 2
halo_5397dea0_003_d62c3603a7c9,https://usehalo.com/guide/recurring-invoice-approvals/,Recurring Invoice Approvals,Billing,3,7,284,383,structural_h2,False,False,Recurring Invoice Approvals > Section 3
halo_5397dea0_004_1429bbe823ae,https://usehalo.com/guide/recurring-invoice-approvals/,Recurring Invoice Approvals,Billing,4,7,284,383,structural_h2,False,False,Recurring Invoice Approvals > Section 4
halo_5397dea0_005_2f0afc1063a1,https://usehalo.com/guide/recurring-invoice-approvals/,Recurring Invoice Approvals,Billing,5,7,284,383,structural_h2,False,False,Recurring Invoice Approvals > Section 5
halo_5397dea0_006_36585737e89f,https://usehalo.com/guide/recurring-invoice-approvals/,Recurring Invoice Approvals,Billing,6,7,284,383,structural_h2,False,False,Recurring Invoice Approvals > Section 6
halo_67fa3299_000_3ccb17d68740,https://usehalo.com/guide/contract-rules/,Contract Rules,Billing,0,9,184,248,structural_h2,False,False,Contract Rules
halo_67fa3299_001_80e843c0577f,https://usehalo.com/guide/contract-rules/,Contract Rules,Billing,1,9,361,487,fixed_window,False,False,Contract Rules > Section 1 > (part 1)
halo_67fa3299_002_bed1ec90a1d2,https://usehalo.com/guide/contract-rules/,Contract Rules,Billing,2,9,81,109,fixed_window,False,False,Contract Rules > Section 1 > (part 2)
halo_67fa3299_003_2ea28e419386,https://usehalo.com/guide/contract-rules/,Contract Rules,Billing,3,9,361,487,fixed_window,False,False,Contract Rules > Section 2 > (part 1)
halo_67fa3299_004_81af2ce503ae,https://usehalo.com/guide/contract-rules/,Contract Rules,Billing,4,9,81,109,fixed_window,False,False,Contract Rules > Section 2 > (part 2)
halo_67fa3299_005_7004c8f54f05,https://usehalo.com/guide/contract-rules/,Contract Rules,Billing,5,9,361,487,fixed_window,False,False,Contract Rules > Section 3 > (part 1)
halo_67fa3299_006_41e853dd412d,https://usehalo.com/guide/contract-rules/,Contract Rules,Billing,6,9,81,109,fixed_window,False,False,Contract Rules > Section 3 > (part 2)
halo_67fa3299_007_a9d3fbb9a2e4,https://usehalo.com/guide/contract-rules/,Contract Rules,Billing,7,9,361,487,fixed_window,False,False,Contract Rules > Section 4 > (part 1)
halo_67fa3299_008_5f7ec32155c5,https://usehalo.com/guide/contract-rules/,Contract Rules,Billing,8,9,81,109,fixed_window,False,False,Contract Rules > Section 4 > (part 2)
halo_976637b0_000_87ae4192b7e5,https://usehalo.com/guide/charge-rates/,Charge Rates,Billing,0,8,203,274,structural_h2,False,False,Charge Rates
halo_976637b0_001_08d71eb931c3,https://usehalo.com/guide/charge-rates/,Charge Rates,Billing,1,8,255,344,structural_h2,False,False,Charge Rates > Section 1
halo_976637b0_002_a324741f353d,https://usehalo.com/guide/charge-rates/,Charge Rates,Billing,2,8,255,344,structural_h2,False,False,Charge Rates > Section 2
halo_976637b0_003_aebce9370b4d,https://usehalo.com/guide/charge-rates/,Charge Rates,Billing,3,8,255,344,structural_h2,False,False,Charge Rates > Section 3
halo_976637b0_004_aab2fc0bed09,https://usehalo.com/guide/charge-rates/,Charge Rates,Billing,4,8,255,344,structural_h2,False,False,Charge Rates > Section 4
halo_976637b0_005_bcbce9d0d80e,https://usehalo.com/guide/charge-rates/,Charge Rates,Billing,5,8,255,344,structural_h2,False,False,Charge Rates > Section 5
halo_976637b0_006_7dccc5dcdac7,https://usehalo.com/guide/charge-rates/,Charge Rates,Billing,6,8,255,344,structural_h2,False,False,Charge Rates > Section 6
halo_976637b0_007_a92be9e603ca,https://usehalo.com/guide/charge-rates/,Charge Rates,Billing,7,8,255,344,structural_h2,False,False,Charge Rates > Section 7
halo_481e6916_000_fa5aad359aee,https://usehalo.com/guide/billing-rules/,Billing Rules,Billing,0,3,79,106,structural_h2,False,False,Billing Rules
halo_481e6916_001_ff3360a2263b,https://usehalo.com/guide/billing-rules/,Billing Rules,Billing,1,3,357,481,structural_h2,False,False,Billing Rules > Section 1
halo_481e6916_002_87b688804be5,https://usehalo.com/guide/billing-rules/,Billing Rules,Billing,2,3,357,481,structural_h2,False,False,Billing Rules > Section 2
halo_e5f17c76_000_264d7501ef62,https://usehalo.com/guide/tax-codes/,Tax Codes,Billing,0,6,136,183,structural_h2,False,False,Tax Codes
halo_e5f17c76_001_9e83fdfc291c,https://usehalo.com/guide/tax-codes/,Tax Codes,Billing,1,6,236,318,structural_h2,False,False,Tax Codes > Section 1
halo_e5f17c76_002_cf3214e39dc2,https://usehalo.com/guide/tax-codes/,Tax Codes,Billing,2,6,236,318,structural_h2,False,False,Tax Codes > Section 2
halo_e5f17c76_003_4e65226bb49d,https://usehalo.com/guide/tax-codes/,Tax Codes,Billing,3,6,236,318,structural_h2,False,False,Tax Codes > Section 3
halo_e5f17c76_004_0ffab3b9e2fb,https://usehalo.com/guide/tax-codes/,Tax Codes,Billing,4,6,236,318,structural_h2,False,False,Tax Codes > Section 4
halo_e5f17c76_005_0b4937d81e02,https://usehalo.com/guide/tax-codes/,Tax Codes,Billing,5,6,236,318,structural_h2,False,False,Tax Codes > Section 5
halo_f93ca12d_000_82c8255c038f,https://usehalo.com/guide/peppol-e-invoicing/,Peppol e-Invoicing,Billing,0,5,156,210,structural_h2,False,False,Peppol e-Invoicing
halo_f93ca12d_001_4f2d2f16f377,https://usehalo.com/guide/peppol-e-invoicing/,Peppol e-Invoicing,Billing,1,5,348,469,structural_h2,False,False,Peppol e-Invoicing > Section 1
halo_f93ca12d_002_bc9d044bba50,https://usehalo.com/guide/peppol-e-invoicing/,Peppol e-Invoicing,Billing,2,5,348,469,structural_h2,False,False,Peppol e-Invoicing > Section 2
halo_f93ca12d_003_9d6fab266f17,https://usehalo.com/guide/peppol-e-invoicing/,Peppol e-Invoicing,Billing,3,5,348,469,structural_h2,False,False,Peppol e-Invoicing > Section 3
halo_f93ca12d_004_6f8af64e18a6,https://usehalo.com/guide/peppol-e-invoicing/,Peppol e-Invoicing,Billing,4,5,348,469,structural_h2,False,False,Peppol e-Invoicing > Section 4
halo_eae032b9_000_93efdf5b87cc,https://usehalo.com/guide/project-management-configuration/,Project Management Configuration,Projects,0,4,70,94,structural_h2,False,False,Project Management Configuration
halo_eae032b9_001_107c6b0fdbbf,https://usehalo.com/guide/project-management-configuration/,Project Management Configuration,Projects,1,4,184,248,structural_h2,False,False,Project Management Configuration > Section 1
halo_eae032b9_002_260324d5916c,https://usehalo.com/guide/project-management-configuration/,Project Management Configuration,Projects,2,4,184,248,structural_h2,False,False,Project Management Configuration > Section 2
halo_eae032b9_003_8a7264a55f5a,https://usehalo.com/guide/project-management-configuration/,Project Management Configuration,Projects,3,4,184,248,structural_h2,False,False,Project Management Configuration > Section 3
halo_e3ddfb7f_000_4a1f2ae87345,https://usehalo.com/guide/project-setup-wizard/,Project Setup Wizard,Projects,0,7,137,184,structural_h2,False,False,Project Setup Wizard
halo_e3ddfb7f_001_0d02884263a6,https://usehalo.com/guide/project-setup-wizard/,Project Setup Wizard,Projects,1,7,206,278,structural_h2,False,False,Project Setup Wizard > Section 1
halo_e3ddfb7f_002_f3a34570841d,https://usehalo.com/guide/project-setup-wizard/,Project Setup Wizard,Projects,2,7,206,278,structural_h2,False,False,Project Setup Wizard > Section 2
halo_e3ddfb7f_003_11467a68c644,https://usehalo.com/guide/project-setup-wizard/,Project Setup Wizard,Projects,3,7,206,278,structural_h2,False,False,Project Setup Wizard > Section 3
halo_e3ddfb7f_004_bb9984da5594,https://usehalo.com/guide/project-setup-wizard/,Project Setup Wizard,Projects,4,7,206,278,structural_h2,False,False,Project Setup Wizard > Section 4
halo_e3ddfb7f_005_0f205376fd7a,https://usehalo.com/guide/project-setup-wizard/,Project Setup Wizard,Projects,5,7,206,278,structural_h2,False,False,Project Setup Wizard > Section 5
halo_e3ddfb7f_006_923b9b696167,https://usehalo.com/guide/project-setup-wizard/,Project Setup Wizard,Projects,6,7,206,278,structural_h2,False,False,Project Setup Wizard > Section 6
halo_bb6b4e90_000_694bb0076c81,https://usehalo.com/guide/project-tracking/,Project Tracking,Projects,0,5,88,118,structural_h2,False,False,Project Tracking
halo_bb6b4e90_001_0d02884263a6,https://usehalo.com/guide/project-tracking/,Project Tracking,Projects,1,5,206,278,structural_h2,False,False,Project Tracking > Section 1
halo_bb6b4e90_002_f3a34570841d,https://usehalo.com/guide/project-tracking/,Project Tracking,Projects,2,5,206,278,structural_h2,False,False,Project Tracking > Section 2
halo_bb6b4e90_003_11467a68c644,https://usehalo.com/guide/project-tracking/,Project Tracking,Projects,3,5,206,278,structural_h2,False,False,Project Tracking > Section 3
halo_bb6b4e90_004_bb9984da5594,https://usehalo.com/guide/project-tracking/,Project Tracking,Projects,4,5,206,278,structural_h2,False,False,Project Tracking > Section 4
halo_3182c3dd_000_40be81584053,https://usehalo.com/guide/ai-report-builder/,AI Report Builder,Reporting,0,4,89,120,structural_h2,False,False,AI Report Builder
halo_3182c3dd_001_30a552109ffd,https://usehalo.com/guide/ai-report-builder/,AI Report Builder,Reporting,1,4,274,369,structural_h2,False,False,AI Report Builder > Section 1
halo_3182c3dd_002_b77290be636e,https://usehalo.com/guide/ai-report-builder/,AI Report Builder,Reporting,2,4,274,369,structural_h2,False,False,AI Report Builder > Section 2
halo_3182c3dd_003_ce138051fad6,https://usehalo.com/guide/ai-report-builder/,AI Report Builder,Reporting,3,4,274,369,structural_h2,False,False,AI Report Builder > Section 3
halo_e1e0d4b5_000_123878c37961,https://usehalo.com/guide/charts-and-graphs-in-reports/,Charts and Graphs in Reports,Reporting,0,5,139,187,structural_h2,False,False,Charts and Graphs in Reports
halo_e1e0d4b5_001_086aa036d144,https://usehalo.com/guide/charts-and-graphs-in-reports/,Charts and Graphs in Reports,Reporting,1,5,368,496,fixed_window,False,False,Charts and Graphs in Reports > Section 1 > (part 1)
halo_e1e0d4b5_002_cab85116dc5e,https://usehalo.com/guide/charts-and-graphs-in-reports/,Charts and Graphs in Reports,Reporting,2,5,285,384,fixed_window,False,False,Charts and Graphs in Reports > Section 1 > (part 2)
halo_e1e0d4b5_003_5f96b9e50b48,https://usehalo.com/guide/charts-and-graphs-in-reports/,Charts and Graphs in Reports,Reporting,3,5,368,496,fixed_window,False,False,Charts and Graphs in Reports > Section 2 > (part 1)
halo_e1e0d4b5_004_f561eae398be,https://usehalo.com/guide/charts-and-graphs-in-reports/,Charts and Graphs in Reports,Reporting,4,5,285,384,fixed_window,False,False,Charts and Graphs in Reports > Section 2 > (part 2)
halo_03892e0d_000_25501b9009a6,https://usehalo.com/guide/common-sql-tables-and-joins/,Common SQL Tables and Joins,Reporting,0,6,100,135,structural_h2,False,False,Common SQL Tables and Joins
halo_03892e0d_001_b67b96597ae7,https://usehalo.com/guide/common-sql-tables-and-joins/,Common SQL Tables and Joins,Reporting,1,6,176,237,structural_h2,False,False,Common SQL Tables and Joins > Section 1
halo_03892e0d_002_7ca6c99c87eb,https://usehalo.com/guide/common-sql-tables-and-joins/,Common SQL Tables and Joins,Reporting,2,6,176,237,structural_h2,False,False,Common SQL Tables and Joins > Section 2
halo_03892e0d_003_bc515315e0df,https://usehalo.com/guide/common-sql-tables-and-joins/,Common SQL Tables and Joins,Reporting,3,6,176,237,structural_h2,False,False,Common SQL Tables and Joins > Section 3
halo_03892e0d_004_a1a0239b1a31,https://usehalo.com/guide/common-sql-tables-and-joins/,Common SQL Tables and Joins,Reporting,4,6,176,237,structural_h2,False,False,Common SQL Tables and Joins > Section 4
halo_03892e0d_005_ca7b468cc964,https://usehalo.com/guide/common-sql-tables-and-joins/,Common SQL Tables and Joins,Reporting,5,6,176,237,structural_h2,False,False,Common SQL Tables and Joins > Section 5
halo_7c497e9c_000_5d655eb8c08e,https://usehalo.com/guide/composite-reports/,Composite Reports,Reporting,0,4,79,106,structural_h2,False,False,Composite Reports
halo_7c497e9c_001_548a3cdff196,https://usehalo.com/guide/composite-reports/,Composite Reports,Reporting,1,4,245,330,structural_h2,False,False,Composite Reports > Section 1
halo_7c497e9c_002_21de7c90d0d5,https://usehalo.com/guide/composite-reports/,Composite Reports,Reporting,2,4,245,330,structural_h2,False,False,Composite Reports > Section 2
halo_7c497e9c_003_60911a91228d,https://usehalo.com/guide/composite-reports/,Composite Reports,Reporting,3,4,245,330,structural_h2,False,False,Composite Reports > Section 3
halo_5311b6a7_000_07ac6469c3ce,https://usehalo.com/guide/configuring-custom-appearances-in-reports/,Configuring Custom Appearances in Reports,Reporting,0,6,100,135,structural_h2,False,False,Configuring Custom Appearances in Reports
halo_5311b6a7_001_b67b96597ae7,https://usehalo.com/guide/configuring-custom-appearances-in-reports/,Configuring Custom Appearances in Reports,Reporting,1,6,176,237,structural_h2,False,False,Configuring Custom Appearances in Reports > Section 1
halo_5311b6a7_002_7ca6c99c87eb,https://usehalo.com/guide/configuring-custom-appearances-in-reports/,Configuring Custom Appearances in Reports,Reporting,2,6,176,237,structural_h2,False,False,Configuring Custom Appearances in Reports > Section 2
halo_5311b6a7_003_bc515315e0df,https://usehalo.com/guide/configuring-custom-appearances-in-reports/,Configuring Custom Appearances in Reports,Reporting,3,6,176,237,structural_h2,False,False,Configuring Custom Appearances in Reports > Section 3
halo_5311b6a7_004_a1a0239b1a31,https://usehalo.com/guide/configuring-custom-appearances-in-reports/,Configuring Custom Appearances in Reports,Reporting,4,6,176,237,structural_h2,False,False,Configuring Custom Appearances in Reports > Section 4
halo_5311b6a7_005_ca7b468cc964,https://usehalo.com/guide/configuring-custom-appearances-in-reports/,Configuring Custom Appearances in Reports,Reporting,5,6,176,237,structural_h2,False,False,Configuring Custom Appearances in Reports > Section 5
halo_4e0a0da8_000_0b8a3b99a297,https://usehalo.com/guide/dashboard-publishing-guide/,Dashboard Publishing Guide,Reporting,0,7,148,199,structural_h2,False,False,Dashboard Publishing Guide
halo_4e0a0da8_001_bb7735f68da7,https://usehalo.com/guide/dashboard-publishing-guide/,Dashboard Publishing Guide,Reporting,1,7,359,484,fixed_window,False,False,Dashboard Publishing Guide > Section 1 > (part 1)
halo_4e0a0da8_002_6899c3fe9105,https://usehalo.com/guide/dashboard-publishing-guide/,Dashboard Publishing Guide,Reporting,2,7,94,126,fixed_window,False,False,Dashboard Publishing Guide > Section 1 > (part 2)
halo_4e0a0da8_003_7c0cbb204a8f,https://usehalo.com/guide/dashboard-publishing-guide/,Dashboard Publishing Guide,Reporting,3,7,359,484,fixed_window,False,False,Dashboard Publishing Guide > Section 2 > (part 1)
halo_4e0a0da8_004_6899c3fe9105,https://usehalo.com/guide/dashboard-publishing-guide/,Dashboard Publishing Guide,Reporting,4,7,94,126,fixed_window,False,False,Dashboard Publishing Guide > Section 2 > (part 2)
halo_4e0a0da8_005_bc13e5b49c19,https://usehalo.com/guide/dashboard-publishing-guide/,Dashboard Publishing Guide,Reporting,5,7,359,484,fixed_window,False,False,Dashboard Publishing Guide > Section 3 > (part 1)
halo_4e0a0da8_006_6899c3fe9105,https://usehalo.com/guide/dashboard-publishing-guide/,Dashboard Publishing Guide,Reporting,6,7,94,126,fixed_window,False,False,Dashboard Publishing Guide > Section 3 > (part 2)
halo_1a1e5305_000_5c02303a1ce5,https://usehalo.com/guide/halo-in-app-dashboard/,Halo In-App Dashboard,Reporting,0,6,117,157,structural_h2,False,False,Halo In-App Dashboard
halo_1a1e5305_001_ff510160af2b,https://usehalo.com/guide/halo-in-app-dashboard/,Halo In-App Dashboard,Reporting,1,6,217,292,structural_h2,False,False,Halo In-App Dashboard > Section 1
halo_1a1e5305_002_4e381c4eb0a9,https://usehalo.com/guide/halo-in-app-dashboard/,Halo In-App Dashboard,Reporting,2,6,217,292,structural_h2,False,False,Halo In-App Dashboard > Section 2
halo_1a1e5305_003_bb861c8a8a12,https://usehalo.com/guide/halo-in-app-dashboard/,Halo In-App Dashboard,Reporting,3,6,217,292,structural_h2,False,False,Halo In-App Dashboard > Section 3
halo_1a1e5305_004_93aed0d33238,https://usehalo.com/guide/halo-in-app-dashboard/,Halo In-App Dashboard,Reporting,4,6,217,292,structural_h2,False,False,Halo In-App Dashboard > Section 4
halo_1a1e5305_005_1b665b7b5040,https://usehalo.com/guide/halo-in-app-dashboard/,Halo In-App Dashboard,Reporting,5,6,217,292,structural_h2,False,False,Halo In-App Dashboard > Section 5
halo_6b1e399c_000_b539d25d4ecb,https://usehalo.com/guide/link-excel-to-halo-report/,Link Excel to Halo Report,Reporting,0,6,91,122,structural_h2,False,False,Link Excel to Halo Report
halo_6b1e399c_001_bd50ac6c2ae7,https://usehalo.com/guide/link-excel-to-halo-report/,Link Excel to Halo Report,Reporting,1,6,165,222,structural_h2,False,False,Link Excel to Halo Report > Section 1
halo_6b1e399c_002_5b97b8fd20a8,https://usehalo.com/guide/link-excel-to-halo-report/,Link Excel to Halo Report,Reporting,2,6,165,222,structural_h2,False,False,Link Excel to Halo Report > Section 2
halo_6b1e399c_003_ff9a824bb45e,https://usehalo.com/guide/link-excel-to-halo-report/,Link Excel to Halo Report,Reporting,3,6,165,222,structural_h2,False,False,Link Excel to Halo Report > Section 3
halo_6b1e399c_004_755524369088,https://usehalo.com/guide/link-excel-to-halo-report/,Link Excel to Halo Report,Reporting,4,6,165,222,structural_h2,False,False,Link Excel to Halo Report > Section 4
halo_6b1e399c_005_fa1c62a0f906,https://usehalo.com/guide/link-excel-to-halo-report/,Link Excel to Halo Report,Reporting,5,6,165,222,structural_h2,False,False,Link Excel to Halo Report > Section 5
halo_c46e36a7_000_15233fd19c76,https://usehalo.com/guide/report-builder/,Report Builder,Reporting,0,4,126,170,structural_h2,False,False,Report Builder
halo_c46e36a7_001_1af1f2b4215f,https://usehalo.com/guide/report-builder/,Report Builder,Reporting,1,4,370,499,structural_h2,False,False,Report Builder > Section 1
halo_c46e36a7_002_f696906c4223,https://usehalo.com/guide/report-builder/,Report Builder,Reporting,2,4,370,499,structural_h2,False,False,Report Builder > Section 2
halo_c46e36a7_003_efe83f8ee672,https://usehalo.com/guide/report-builder/,Report Builder,Reporting,3,4,370,499,structural_h2,False,False,Report Builder > Section 3
halo_13aefd68_000_a73776e0df31,https://usehalo.com/guide/connectwise-rmm-integration/,ConnectWise RMM Integration,Integrations,0,5,117,157,structural_h2,False,False,ConnectWise RMM Integration
halo_13aefd68_001_adeec4cdbcc1,https://usehalo.com/guide/connectwise-rmm-integration/,ConnectWise RMM Integration,Integrations,1,5,359,484,fixed_window,False,False,ConnectWise RMM Integration > Section 1 > (part 1)
halo_13aefd68_002_7cf24a98323a,https://usehalo.com/guide/connectwise-rmm-integration/,ConnectWise RMM Integration,Integrations,2,5,207,279,fixed_window,False,False,ConnectWise RMM Integration > Section 1 > (part 2)
halo_13aefd68_003_61ad828a8218,https://usehalo.com/guide/connectwise-rmm-integration/,ConnectWise RMM Integration,Integrations,3,5,359,484,fixed_window,False,False,ConnectWise RMM Integration > Section 2 > (part 1)
halo_13aefd68_004_e44f016b6a6f,https://usehalo.com/guide/connectwise-rmm-integration/,ConnectWise RMM Integration,Integrations,4,5,207,279,fixed_window,False,False,ConnectWise RMM Integration > Section 2 > (part 2)
halo_3760995b_000_f829ed380b37,https://usehalo.com/guide/ninjaone-integration/,NinjaOne Integration,Integrations,0,5,88,118,structural_h2,False,False,NinjaOne Integration
halo_3760995b_001_adeec4cdbcc1,https://usehalo.com/guide/ninjaone-integration/,NinjaOne Integration,Integrations,1,5,359,484,fixed_window,False,False,NinjaOne Integration > Section 1 > (part 1)
halo_3760995b_002_cc5c5ca7e78c,https://usehalo.com/guide/ninjaone-integration/,NinjaOne Integration,Integrations,2,5,47,63,fixed_window,False,False,NinjaOne Integration > Section 1 > (part 2)
halo_3760995b_003_61ad828a8218,https://usehalo.com/guide/ninjaone-integration/,NinjaOne Integration,Integrations,3,5,359,484,fixed_window,False,False,NinjaOne Integration > Section 2 > (part 1)
halo_3760995b_004_cc5c5ca7e78c,https://usehalo.com/guide/ninjaone-integration/,NinjaOne Integration,Integrations,4,5,47,63,fixed_window,False,False,NinjaOne Integration > Section 2 > (part 2)
halo_2c6cec06_000_a45b49c67363,https://usehalo.com/guide/prtg-integration/,PRTG Integration,Integrations,0,5,136,183,structural_h2,False,False,PRTG Integration
halo_2c6cec06_001_c174aea6fa79,https://usehalo.com/guide/prtg-integration/,PRTG Integration,Integrations,1,5,295,398,structural_h2,False,False,PRTG Integration > Section 1
halo_2c6cec06_002_3e45b57104b3,https://usehalo.com/guide/prtg-integration/,PRTG Integration,Integrations,2,5,295,398,structural_h2,False,False,PRTG Integration > Section 2
halo_2c6cec06_003_a732ab6bfcfd,https://usehalo.com/guide/prtg-integration/,PRTG Integration,Integrations,3,5,295,398,structural_h2,False,False,PRTG Integration > Section 3
halo_2c6cec06_004_9521231f1ca1,https://usehalo.com/guide/prtg-integration/,PRTG Integration,Integrations,4,5,295,398,structural_h2,False,False,PRTG Integration > Section 4
halo_62b3bf14_000_9142b1721d6a,https://usehalo.com/guide/zabbix-integration/,Zabbix Integration,Integrations,0,5,97,130,structural_h2,False,False,Zabbix Integration
halo_62b3bf14_001_adeec4cdbcc1,https://usehalo.com/guide/zabbix-integration/,Zabbix Integration,Integrations,1,5,359,484,fixed_window,False,False,Zabbix Integration > Section 1 > (part 1)
halo_62b3bf14_002_01c4b66607d9,https://usehalo.com/guide/zabbix-integration/,Zabbix Integration,Integrations,2,5,115,155,fixed_window,False,False,Zabbix Integration > Section 1 > (part 2)
halo_62b3bf14_003_61ad828a8218,https://usehalo.com/guide/zabbix-integration/,Zabbix Integration,Integrations,3,5,359,484,fixed_window,False,False,Zabbix Integration > Section 2 > (part 1)
halo_62b3bf14_004_01c4b66607d9,https://usehalo.com/guide/zabbix-integration/,Zabbix Integration,Integrations,4,5,115,155,fixed_window,False,False,Zabbix Integration > Section 2 > (part 2)
halo_10989929_000_475c2c62aff1,https://usehalo.com/guide/anydesk-integration/,AnyDesk Integration,Integrations,0,5,116,156,structural_h2,False,False,AnyDesk Integration
halo_10989929_001_40cec57ef48e,https://usehalo.com/guide/anydesk-integration/,AnyDesk Integration,Integrations,1,5,368,496,fixed_window,False,False,AnyDesk Integration > Section 1 > (part 1)
halo_10989929_002_a2901bc261bf,https://usehalo.com/guide/anydesk-integration/,AnyDesk Integration,Integrations,2,5,175,236,fixed_window,False,False,AnyDesk Integration > Section 1 > (part 2)
halo_10989929_003_bbdfa1592f2e,https://usehalo.com/guide/anydesk-integration/,AnyDesk Integration,Integrations,3,5,368,496,fixed_window,False,False,AnyDesk Integration > Section 2 > (part 1)
halo_10989929_004_bbf51e2477b1,https://usehalo.com/guide/anydesk-integration/,AnyDesk Integration,Integrations,4,5,175,236,fixed_window,False,False,AnyDesk Integration > Section 2 > (part 2)
halo_5da102fb_000_63e922932a15,https://usehalo.com/guide/goto-resolve-integration/,GoTo Resolve Integration,Integrations,0,7,108,145,structural_h2,False,False,GoTo Resolve Integration
halo_5da102fb_001_e555e93bcb5e,https://usehalo.com/guide/goto-resolve-integration/,GoTo Resolve Integration,Integrations,1,7,153,206,structural_h2,False,False,GoTo Resolve Integration > Section 1
halo_5da102fb_002_413de414de9c,https://usehalo.com/guide/goto-resolve-integration/,GoTo Resolve Integration,Integrations,2,7,153,206,structural_h2,False,False,GoTo Resolve Integration > Section 2
halo_5da102fb_003_9afa28bc5fe3,https://usehalo.com/guide/goto-resolve-integration/,GoTo Resolve Integration,Integrations,3,7,153,206,structural_h2,False,False,GoTo Resolve Integration > Section 3
halo_5da102fb_004_563b0f38c6a6,https://usehalo.com/guide/goto-resolve-integration/,GoTo Resolve Integration,Integrations,4,7,153,206,structural_h2,False,False,GoTo Resolve Integration > Section 4
halo_5da102fb_005_c0315d99589d,https://usehalo.com/guide/goto-resolve-integration/,GoTo Resolve Integration,Integrations,5,7,153,206,structural_h2,False,False,GoTo Resolve Integration > Section 5
halo_5da102fb_006_803962bb696e,https://usehalo.com/guide/goto-resolve-integration/,GoTo Resolve Integration,Integrations,6,7,153,206,structural_h2,False,False,GoTo Resolve Integration > Section 6
halo_c7da3b67_000_41ded855d266,https://usehalo.com/guide/nagios-xi-integration/,Nagios XI Integration,Integrations,0,6,108,145,structural_h2,False,False,Nagios XI Integration
halo_c7da3b67_001_76abdbdfe823,https://usehalo.com/guide/nagios-xi-integration/,Nagios XI Integration,Integrations,1,6,184,248,structural_h2,False,False,Nagios XI Integration > Section 1
halo_c7da3b67_002_7d2efe4345a6,https://usehalo.com/guide/nagios-xi-integration/,Nagios XI Integration,Integrations,2,6,184,248,structural_h2,False,False,Nagios XI Integration > Section 2
halo_c7da3b67_003_4c3bfa9110a6,https://usehalo.com/guide/nagios-xi-integration/,Nagios XI Integration,Integrations,3,6,184,248,structural_h2,False,False,Nagios XI Integration > Section 3
halo_c7da3b67_004_48735e787637,https://usehalo.com/guide/nagios-xi-integration/,Nagios XI Integration,Integrations,4,6,184,248,structural_h2,False,False,Nagios XI Integration > Section 4
halo_c7da3b67_005_dfdff19f356c,https://usehalo.com/guide/nagios-xi-integration/,Nagios XI Integration,Integrations,5,6,184,248,structural_h2,False,False,Nagios XI Integration > Section 5
halo_db242bb2_000_1395fc8d7841,https://usehalo.com/guide/kaseya-vsa-x-integration/,Kaseya VSA X Integration,Integrations,0,5,149,201,structural_h2,False,False,Kaseya VSA X Integration
halo_db242bb2_001_84b81c9af670,https://usehalo.com/guide/kaseya-vsa-x-integration/,Kaseya VSA X Integration,Integrations,1,5,337,454,structural_h2,False,False,Kaseya VSA X Integration > Section 1
halo_db242bb2_002_dae830d89ab3,https://usehalo.com/guide/kaseya-vsa-x-integration/,Kaseya VSA X Integration,Integrations,2,5,337,454,structural_h2,False,False,Kaseya VSA X Integration > Section 2
halo_db242bb2_003_3582c8d4fd4b,https://usehalo.com/guide/kaseya-vsa-x-integration/,Kaseya VSA X Integration,Integrations,3,5,337,454,structural_h2,False,False,Kaseya VSA X Integration > Section 3
halo_db242bb2_004_942810663bcc,https://usehalo.com/guide/kaseya-vsa-x-integration/,Kaseya VSA X Integration,Integrations,4,5,337,454,structural_h2,False,False,Kaseya VSA X Integration > Section 4
halo_1900fb6f_000_ecc961c3a1ab,https://usehalo.com/guide/avalara-integration/,Avalara Integration,Integrations,0,5,136,183,structural_h2,False,False,Avalara Integration
halo_1900fb6f_001_8812c47e5a93,https://usehalo.com/guide/avalara-integration/,Avalara Integration,Integrations,1,5,316,426,structural_h2,False,False,Avalara Integration > Section 1
halo_1900fb6f_002_3d2a9668e5dc,https://usehalo.com/guide/avalara-integration/,Avalara Integration,Integrations,2,5,316,426,structural_h2,False,False,Avalara Integration > Section 2
halo_1900fb6f_003_0e4ebce080a5,https://usehalo.com/guide/avalara-integration/,Avalara Integration,Integrations,3,5,316,426,structural_h2,False,False,Avalara Integration > Section 3
halo_1900fb6f_004_6fcef42777a7,https://usehalo.com/guide/avalara-integration/,Avalara Integration,Integrations,4,5,316,426,structural_h2,False,False,Avalara Integration > Section 4
halo_3af5fff5_000_a47aef7f51b0,https://usehalo.com/guide/sage-intacct-integration/,Sage Intacct Integration,Accounting,0,5,108,145,structural_h2,False,False,Sage Intacct Integration
halo_3af5fff5_001_a1945bfb31dc,https://usehalo.com/guide/sage-intacct-integration/,Sage Intacct Integration,Accounting,1,5,257,346,structural_h2,False,False,Sage Intacct Integration > Section 1
halo_3af5fff5_002_2a641706f7b9,https://usehalo.com/guide/sage-intacct-integration/,Sage Intacct Integration,Accounting,2,5,257,346,structural_h2,False,False,Sage Intacct Integration > Section 2
halo_3af5fff5_003_356e17966933,https://usehalo.com/guide/sage-intacct-integration/,Sage Intacct Integration,Accounting,3,5,257,346,structural_h2,False,False,Sage Intacct Integration > Section 3
halo_3af5fff5_004_49007e746b30,https://usehalo.com/guide/sage-intacct-integration/,Sage Intacct Integration,Accounting,4,5,257,346,structural_h2,False,False,Sage Intacct Integration > Section 4
halo_b20339ab_000_2feba7cd30c6,https://usehalo.com/guide/sage-50-canada-integration/,Sage 50 Canada Integration,Accounting,0,5,90,121,structural_h2,False,False,Sage 50 Canada Integration
halo_b20339ab_001_22bd8b674a0c,https://usehalo.com/guide/sage-50-canada-integration/,Sage 50 Canada Integration,Accounting,1,5,206,278,structural_h2,False,False,Sage 50 Canada Integration > Section 1
halo_b20339ab_002_1f9a35f56518,https://usehalo.com/guide/sage-50-canada-integration/,Sage 50 Canada Integration,Accounting,2,5,206,278,structural_h2,False,False,Sage 50 Canada Integration > Section 2
halo_b20339ab_003_57ae9cbe7c70,https://usehalo.com/guide/sage-50-canada-integration/,Sage 50 Canada Integration,Accounting,3,5,206,278,structural_h2,False,False,Sage 50 Canada Integration > Section 3
halo_b20339ab_004_dad60e0673b2,https://usehalo.com/guide/sage-50-canada-integration/,Sage 50 Canada Integration,Accounting,4,5,206,278,structural_h2,False,False,Sage 50 Canada Integration > Section 4
halo_305499a0_000_9292a4074435,https://usehalo.com/guide/microsoft-power-automate-integration/,Microsoft Power Automate Integration,Integrations,0,7,99,133,structural_h2,False,False,Microsoft Power Automate Integration
halo_305499a0_001_e555e93bcb5e,https://usehalo.com/guide/microsoft-power-automate-integration/,Microsoft Power Automate Integration,Integrations,1,7,153,206,structural_h2,False,False,Microsoft Power Automate Integration > Section 1
halo_305499a0_002_413de414de9c,https://usehalo.com/guide/microsoft-power-automate-integration/,Microsoft Power Automate Integration,Integrations,2,7,153,206,structural_h2,False,False,Microsoft Power Automate Integration > Section 2
halo_305499a0_003_9afa28bc5fe3,https://usehalo.com/guide/microsoft-power-automate-integration/,Microsoft Power Automate Integration,Integrations,3,7,153,206,structural_h2,False,False,Microsoft Power Automate Integration > Section 3
halo_305499a0_004_563b0f38c6a6,https://usehalo.com/guide/microsoft-power-automate-integration/,Microsoft Power Automate Integration,Integrations,4,7,153,206,structural_h2,False,False,Microsoft Power Automate Integration > Section 4
halo_305499a0_005_c0315d99589d,https://usehalo.com/guide/microsoft-power-automate-integration/,Microsoft Power Automate Integration,Integrations,5,7,153,206,structural_h2,False,False,Microsoft Power Automate Integration > Section 5
halo_305499a0_006_803962bb696e,https://usehalo.com/guide/microsoft-power-automate-integration/,Microsoft Power Automate Integration,Integrations,6,7,153,206,structural_h2,False,False,Microsoft Power Automate Integration > Section 6
halo_5c9e6832_000_c777a465b624,https://usehalo.com/guide/powershell-integration/,PowerShell Integration,Integrations,0,4,79,106,structural_h2,False,False,PowerShell Integration
halo_5c9e6832_001_852d7eb3e1d9,https://usehalo.com/guide/powershell-integration/,PowerShell Integration,Integrations,1,4,236,318,structural_h2,False,False,PowerShell Integration > Section 1
halo_5c9e6832_002_317efc536649,https://usehalo.com/guide/powershell-integration/,PowerShell Integration,Integrations,2,4,236,318,structural_h2,False,False,PowerShell Integration > Section 2
halo_5c9e6832_003_e0a2123f7cf7,https://usehalo.com/guide/powershell-integration/,PowerShell Integration,Integrations,3,4,236,318,structural_h2,False,False,PowerShell Integration > Section 3
halo_6e1d9266_000_275fa2cf6fdb,https://usehalo.com/guide/incoming-webhook-service/,Incoming Webhook Service,Integrations,0,4,59,79,structural_h2,False,False,Incoming Webhook Service
halo_6e1d9266_001_e03530a89a5e,https://usehalo.com/guide/incoming-webhook-service/,Incoming Webhook Service,Integrations,1,4,176,237,structural_h2,False,False,Incoming Webhook Service > Section 1
halo_6e1d9266_002_d5a20e5454b1,https://usehalo.com/guide/incoming-webhook-service/,Incoming Webhook Service,Integrations,2,4,176,237,structural_h2,False,False,Incoming Webhook Service > Section 2
halo_6e1d9266_003_6253a16d3135,https://usehalo.com/guide/incoming-webhook-service/,Incoming Webhook Service,Integrations,3,4,176,237,structural_h2,False,False,Incoming Webhook Service > Section 3
halo_058b3255_000_8f0161bb8468,https://usehalo.com/guide/menu-buttons-for-self-service-portal/,Menu Buttons for Self-Service Portal,Portal Customisation,0,3,74,99,structural_h2,False,False,Menu Buttons for Self-Service Portal
halo_058b3255_001_4f7086dd08e6,https://usehalo.com/guide/menu-buttons-for-self-service-portal/,Menu Buttons for Self-Service Portal,Portal Customisation,1,3,360,486,fixed_window,False,False,Menu Buttons for Self-Service Portal > Section 1 > (part 1)
halo_058b3255_002_f020fcd8d571,https://usehalo.com/guide/menu-buttons-for-self-service-portal/,Menu Buttons for Self-Service Portal,Portal Customisation,2,3,331,446,fixed_window,False,False,Menu Buttons for Self-Service Portal > Section 1 > (part 2)
halo_80a352a9_000_8f6a519a986b,https://usehalo.com/guide/google-analytics-on-portal/,Google Analytics on Portal,Portal Customisation,0,7,92,124,structural_h2,False,False,Google Analytics on Portal
halo_80a352a9_001_00e7b569a9e9,https://usehalo.com/guide/google-analytics-on-portal/,Google Analytics on Portal,Portal Customisation,1,7,134,180,structural_h2,False,False,Google Analytics on Portal > Section 1
halo_80a352a9_002_dbae2c78a15d,https://usehalo.com/guide/google-analytics-on-portal/,Google Analytics on Portal,Portal Customisation,2,7,134,180,structural_h2,False,False,Google Analytics on Portal > Section 2
halo_80a352a9_003_be77035e1123,https://usehalo.com/guide/google-analytics-on-portal/,Google Analytics on Portal,Portal Customisation,3,7,134,180,structural_h2,False,False,Google Analytics on Portal > Section 3
halo_80a352a9_004_2e4bb6414a5c,https://usehalo.com/guide/google-analytics-on-portal/,Google Analytics on Portal,Portal Customisation,4,7,134,180,structural_h2,False,False,Google Analytics on Portal > Section 4
halo_80a352a9_005_9a31867b0432,https://usehalo.com/guide/google-analytics-on-portal/,Google Analytics on Portal,Portal Customisation,5,7,134,180,structural_h2,False,False,Google Analytics on Portal > Section 5
halo_80a352a9_006_ab91a38b743c,https://usehalo.com/guide/google-analytics-on-portal/,Google Analytics on Portal,Portal Customisation,6,7,134,180,structural_h2,False,False,Google Analytics on Portal > Section 6
halo_e4178a23_000_67460f92564d,https://usehalo.com/guide/portal-css-customisation/,Portal CSS Customisation,Portal Customisation,0,3,82,110,structural_h2,False,False,Portal CSS Customisation
halo_e4178a23_001_848e7f092ca6,https://usehalo.com/guide/portal-css-customisation/,Portal CSS Customisation,Portal Customisation,1,3,362,488,structural_h2,False,False,Portal CSS Customisation > Section 1
halo_e4178a23_002_fd2383c5f7d2,https://usehalo.com/guide/portal-css-customisation/,Portal CSS Customisation,Portal Customisation,2,3,362,488,structural_h2,False,False,Portal CSS Customisation > Section 2
halo_8c92f930_000_81f39314f538,https://usehalo.com/guide/ticket-lists-on-portal/,Ticket Lists on Portal,Portal Customisation,0,4,83,112,structural_h2,False,False,Ticket Lists on Portal
halo_8c92f930_001_4f7086dd08e6,https://usehalo.com/guide/ticket-lists-on-portal/,Ticket Lists on Portal,Portal Customisation,1,4,360,486,fixed_window,False,False,Ticket Lists on Portal > Section 1 > (part 1)
halo_8c92f930_002_7a622d33efc2,https://usehalo.com/guide/ticket-lists-on-portal/,Ticket Lists on Portal,Portal Customisation,2,4,361,487,fixed_window,False,False,Ticket Lists on Portal > Section 1 > (part 2)
halo_8c92f930_003_83a8ff0a36fb,https://usehalo.com/guide/ticket-lists-on-portal/,Ticket Lists on Portal,Portal Customisation,3,4,47,63,fixed_window,False,False,Ticket Lists on Portal > Section 1 > (part 3)
halo_d237ecbd_000_5e9a10027cfa,https://usehalo.com/guide/two-factor-authentication-2fa/,Two-Factor Authentication (2FA),Security,0,6,108,145,structural_h2,False,False,Two-Factor Authentication (2FA)
halo_d237ecbd_001_d441cdceca2a,https://usehalo.com/guide/two-factor-authentication-2fa/,Two-Factor Authentication (2FA),Security,1,6,184,248,structural_h2,False,False,Two-Factor Authentication (2FA) > Section 1
halo_d237ecbd_002_df67f5cdb3eb,https://usehalo.com/guide/two-factor-authentication-2fa/,Two-Factor Authentication (2FA),Security,2,6,184,248,structural_h2,False,False,Two-Factor Authentication (2FA) > Section 2
halo_d237ecbd_003_969f10e005a2,https://usehalo.com/guide/two-factor-authentication-2fa/,Two-Factor Authentication (2FA),Security,3,6,184,248,structural_h2,False,False,Two-Factor Authentication (2FA) > Section 3
halo_d237ecbd_004_9c819551fcb0,https://usehalo.com/guide/two-factor-authentication-2fa/,Two-Factor Authentication (2FA),Security,4,6,184,248,structural_h2,False,False,Two-Factor Authentication (2FA) > Section 4
halo_d237ecbd_005_c04cef19738d,https://usehalo.com/guide/two-factor-authentication-2fa/,Two-Factor Authentication (2FA),Security,5,6,184,248,structural_h2,False,False,Two-Factor Authentication (2FA) > Section 5
halo_56f5368c_000_5129ffdb30c5,https://usehalo.com/guide/ip-whitelisting-for-hosted-users/,IP Whitelisting for Hosted Users,Security,0,4,72,97,structural_h2,False,False,IP Whitelisting for Hosted Users
halo_56f5368c_001_f6675d1fa99e,https://usehalo.com/guide/ip-whitelisting-for-hosted-users/,IP Whitelisting for Hosted Users,Security,1,4,206,278,structural_h2,False,False,IP Whitelisting for Hosted Users > Section 1
halo_56f5368c_002_872b9fab5bea,https://usehalo.com/guide/ip-whitelisting-for-hosted-users/,IP Whitelisting for Hosted Users,Security,2,4,206,278,structural_h2,False,False,IP Whitelisting for Hosted Users > Section 2
halo_56f5368c_003_b2096b97ee99,https://usehalo.com/guide/ip-whitelisting-for-hosted-users/,IP Whitelisting for Hosted Users,Security,3,4,206,278,structural_h2,False,False,IP Whitelisting for Hosted Users > Section 3
halo_acd63375_000_69c322034860,https://usehalo.com/guide/redirect-http-to-https/,Redirect HTTP to HTTPS,Security,0,3,71,95,structural_h2,False,False,Redirect HTTP to HTTPS
halo_acd63375_001_817c0940fff2,https://usehalo.com/guide/redirect-http-to-https/,Redirect HTTP to HTTPS,Security,1,3,362,488,fixed_window,False,False,Redirect HTTP to HTTPS > Section 1 > (part 1)
halo_acd63375_002_59fa7bee3260,https://usehalo.com/guide/redirect-http-to-https/,Redirect HTTP to HTTPS,Security,2,3,301,406,fixed_window,False,False,Redirect HTTP to HTTPS > Section 1 > (part 2)
halo_ac6fead0_000_fe1088d51ac3,https://usehalo.com/guide/sso-for-entra-id/,SSO for Entra ID,Security,0,4,71,95,structural_h2,False,False,SSO for Entra ID
halo_ac6fead0_001_e773a800fe65,https://usehalo.com/guide/sso-for-entra-id/,SSO for Entra ID,Security,1,4,195,263,structural_h2,False,False,SSO for Entra ID > Section 1
halo_ac6fead0_002_9e99d428aa88,https://usehalo.com/guide/sso-for-entra-id/,SSO for Entra ID,Security,2,4,195,263,structural_h2,False,False,SSO for Entra ID > Section 2
halo_ac6fead0_003_8f60935ca3d8,https://usehalo.com/guide/sso-for-entra-id/,SSO for Entra ID,Security,3,4,195,263,structural_h2,False,False,SSO for Entra ID > Section 3
halo_7548780c_000_45c96bb5b064,https://usehalo.com/guide/sso-for-csp/,SSO for CSP,Security,0,4,70,94,structural_h2,False,False,SSO for CSP
halo_7548780c_001_e773a800fe65,https://usehalo.com/guide/sso-for-csp/,SSO for CSP,Security,1,4,195,263,structural_h2,False,False,SSO for CSP > Section 1
halo_7548780c_002_9e99d428aa88,https://usehalo.com/guide/sso-for-csp/,SSO for CSP,Security,2,4,195,263,structural_h2,False,False,SSO for CSP > Section 2
halo_7548780c_003_8f60935ca3d8,https://usehalo.com/guide/sso-for-csp/,SSO for CSP,Security,3,4,195,263,structural_h2,False,False,SSO for CSP > Section 3
halo_8bb83c4f_000_e4b18eb17045,"https://usehalo.com/guide/departments,-teams,-and-roles/","Departments, Teams, and Roles",Organisation,0,3,49,66,structural_h2,False,False,"Departments, Teams, and Roles"
halo_8bb83c4f_001_8a54ee706e93,"https://usehalo.com/guide/departments,-teams,-and-roles/","Departments, Teams, and Roles",Organisation,1,3,362,488,fixed_window,False,False,"Departments, Teams, and Roles > Section 1 > (part 1)"
halo_8bb83c4f_002_205cc7f62e80,"https://usehalo.com/guide/departments,-teams,-and-roles/","Departments, Teams, and Roles",Organisation,2,3,123,166,fixed_window,False,False,"Departments, Teams, and Roles > Section 1 > (part 2)"
halo_76ce38b4_000_abbd7ef75444,https://usehalo.com/guide/co-managed-it/,Co-Managed IT,Organisation,0,7,116,156,structural_h2,False,False,Co-Managed IT
halo_76ce38b4_001_3f4db79accb6,https://usehalo.com/guide/co-managed-it/,Co-Managed IT,Organisation,1,7,176,237,structural_h2,False,False,Co-Managed IT > Section 1
halo_76ce38b4_002_d375e7dc40a1,https://usehalo.com/guide/co-managed-it/,Co-Managed IT,Organisation,2,7,176,237,structural_h2,False,False,Co-Managed IT > Section 2
halo_76ce38b4_003_f49cd9f6bbcc,https://usehalo.com/guide/co-managed-it/,Co-Managed IT,Organisation,3,7,176,237,structural_h2,False,False,Co-Managed IT > Section 3
halo_76ce38b4_004_cbad94b0f4b4,https://usehalo.com/guide/co-managed-it/,Co-Managed IT,Organisation,4,7,176,237,structural_h2,False,False,Co-Managed IT > Section 4
halo_76ce38b4_005_37470d780b88,https://usehalo.com/guide/co-managed-it/,Co-Managed IT,Organisation,5,7,176,237,structural_h2,False,False,Co-Managed IT > Section 5
halo_76ce38b4_006_467bd74c1cd4,https://usehalo.com/guide/co-managed-it/,Co-Managed IT,Organisation,6,7,176,237,structural_h2,False,False,Co-Managed IT > Section 6
halo_9f3f7440_000_e9fddfdfb22e,https://usehalo.com/guide/organisational-structure/,Organisational Structure,Organisation,0,6,107,144,structural_h2,False,False,Organisational Structure
halo_9f3f7440_001_80438d15003e,https://usehalo.com/guide/organisational-structure/,Organisational Structure,Organisation,1,6,195,263,structural_h2,False,False,Organisational Structure > Section 1
halo_9f3f7440_002_6ef79d7be8e5,https://usehalo.com/guide/organisational-structure/,Organisational Structure,Organisation,2,6,195,263,structural_h2,False,False,Organisational Structure > Section 2
halo_9f3f7440_003_066663967a05,https://usehalo.com/guide/organisational-structure/,Organisational Structure,Organisation,3,6,195,263,structural_h2,False,False,Organisational Structure > Section 3
halo_9f3f7440_004_b51366312e4a,https://usehalo.com/guide/organisational-structure/,Organisational Structure,Organisation,4,6,195,263,structural_h2,False,False,Organisational Structure > Section 4
halo_9f3f7440_005_fc3d735ffa35,https://usehalo.com/guide/organisational-structure/,Organisational Structure,Organisation,5,6,195,263,structural_h2,False,False,Organisational Structure > Section 5
halo_a34cc93d_000_1df14fe46615,https://usehalo.com/guide/multi-tenancy/,Multi-Tenancy,Organisation,0,3,68,91,structural_h2,False,False,Multi-Tenancy
halo_a34cc93d_001_9246a2fcdb5d,https://usehalo.com/guide/multi-tenancy/,Multi-Tenancy,Organisation,1,3,295,398,structural_h2,False,False,Multi-Tenancy > Section 1
halo_a34cc93d_002_5e1b7edf8055,https://usehalo.com/guide/multi-tenancy/,Multi-Tenancy,Organisation,2,3,295,398,structural_h2,False,False,Multi-Tenancy > Section 2
halo_755f8364_000_4ffd9f8e4bab,https://usehalo.com/guide/automated-sow-generation/,Automated SoW Generation,Automation,0,5,89,120,structural_h2,False,False,Automated SoW Generation
halo_755f8364_001_471c6abbbdc7,https://usehalo.com/guide/automated-sow-generation/,Automated SoW Generation,Automation,1,5,359,484,fixed_window,False,False,Automated SoW Generation > Section 1 > (part 1)
halo_755f8364_002_2d353ab2806f,https://usehalo.com/guide/automated-sow-generation/,Automated SoW Generation,Automation,2,5,65,87,fixed_window,False,False,Automated SoW Generation > Section 1 > (part 2)
halo_755f8364_003_8fd80c9e39cb,https://usehalo.com/guide/automated-sow-generation/,Automated SoW Generation,Automation,3,5,359,484,fixed_window,False,False,Automated SoW Generation > Section 2 > (part 1)
halo_755f8364_004_2d353ab2806f,https://usehalo.com/guide/automated-sow-generation/,Automated SoW Generation,Automation,4,5,65,87,fixed_window,False,False,Automated SoW Generation > Section 2 > (part 2)
halo_85abd923_000_63fdce175bb9,https://usehalo.com/guide/ai-project-task-creation/,AI Project Task Creation,Automation,0,4,60,81,structural_h2,False,False,AI Project Task Creation
halo_85abd923_001_5fe1334879f7,https://usehalo.com/guide/ai-project-task-creation/,AI Project Task Creation,Automation,1,4,184,248,structural_h2,False,False,AI Project Task Creation > Section 1
halo_85abd923_002_ae9b9196739d,https://usehalo.com/guide/ai-project-task-creation/,AI Project Task Creation,Automation,2,4,184,248,structural_h2,False,False,AI Project Task Creation > Section 2
halo_85abd923_003_e41b34db6b6c,https://usehalo.com/guide/ai-project-task-creation/,AI Project Task Creation,Automation,3,4,184,248,structural_h2,False,False,AI Project Task Creation > Section 3
halo_3939155b_000_d4e96e49b3ac,https://usehalo.com/guide/runbook-level-variables/,Runbook Level Variables,Automation,0,3,80,108,structural_h2,False,False,Runbook Level Variables
halo_3939155b_001_5c11c29cf558,https://usehalo.com/guide/runbook-level-variables/,Runbook Level Variables,Automation,1,3,362,488,fixed_window,False,False,Runbook Level Variables > Section 1 > (part 1)
halo_3939155b_002_9111252f1a76,https://usehalo.com/guide/runbook-level-variables/,Runbook Level Variables,Automation,2,3,361,487,fixed_window,False,False,Runbook Level Variables > Section 1 > (part 2)
halo_2c13b4bd_000_cc25d026eed6,https://usehalo.com/guide/distribution-lists/,Distribution Lists,Automation,0,7,136,183,structural_h2,False,False,Distribution Lists
halo_2c13b4bd_001_010b7f5cc4ee,https://usehalo.com/guide/distribution-lists/,Distribution Lists,Automation,1,7,368,496,fixed_window,False,False,Distribution Lists > Section 1 > (part 1)
halo_2c13b4bd_002_02ee0c1c2aa5,https://usehalo.com/guide/distribution-lists/,Distribution Lists,Automation,2,7,73,98,fixed_window,False,False,Distribution Lists > Section 1 > (part 2)
halo_2c13b4bd_003_53e6f866f88e,https://usehalo.com/guide/distribution-lists/,Distribution Lists,Automation,3,7,368,496,fixed_window,False,False,Distribution Lists > Section 2 > (part 1)
halo_2c13b4bd_004_02ee0c1c2aa5,https://usehalo.com/guide/distribution-lists/,Distribution Lists,Automation,4,7,73,98,fixed_window,False,False,Distribution Lists > Section 2 > (part 2)
halo_2c13b4bd_005_e5e04563e6d5,https://usehalo.com/guide/distribution-lists/,Distribution Lists,Automation,5,7,368,496,fixed_window,False,False,Distribution Lists > Section 3 > (part 1)
halo_2c13b4bd_006_02ee0c1c2aa5,https://usehalo.com/guide/distribution-lists/,Distribution Lists,Automation,6,7,73,98,fixed_window,False,False,Distribution Lists > Section 3 > (part 2)
halo_f83dad69_000_ae2abb84c225,https://usehalo.com/guide/approval-processes/,Approval Processes,Automation,0,4,69,93,structural_h2,False,False,Approval Processes
halo_f83dad69_001_b875d3c4e62a,https://usehalo.com/guide/approval-processes/,Approval Processes,Automation,1,4,195,263,structural_h2,False,False,Approval Processes > Section 1
halo_f83dad69_002_b9aa1f7afd16,https://usehalo.com/guide/approval-processes/,Approval Processes,Automation,2,4,195,263,structural_h2,False,False,Approval Processes > Section 2
halo_f83dad69_003_6231691f4285,https://usehalo.com/guide/approval-processes/,Approval Processes,Automation,3,4,195,263,structural_h2,False,False,Approval Processes > Section 3
halo_2cb561d5_000_83405903084a,https://usehalo.com/guide/active-directory-integration-ldap/,Active Directory Integration (LDAP),HaloPSA Academy,0,3,62,83,structural_h2,False,False,Active Directory Integration (LDAP)
halo_2cb561d5_001_5488d5fbc696,https://usehalo.com/guide/active-directory-integration-ldap/,Active Directory Integration (LDAP),HaloPSA Academy,1,3,362,488,fixed_window,False,False,Active Directory Integration (LDAP) > Section 1 > (part 1)
halo_2cb561d5_002_b7569bfc519a,https://usehalo.com/guide/active-directory-integration-ldap/,Active Directory Integration (LDAP),HaloPSA Academy,2,3,159,214,fixed_window,False,False,Active Directory Integration (LDAP) > Section 1 > (part 2)
halo_18f2191f_000_cd526ade27e5,https://usehalo.com/guide/dashboards-guide/,Dashboards Guide,HaloPSA Academy,0,3,71,95,structural_h2,False,False,Dashboards Guide
halo_18f2191f_001_0deecbbe8651,https://usehalo.com/guide/dashboards-guide/,Dashboards Guide,HaloPSA Academy,1,3,360,486,fixed_window,False,False,Dashboards Guide > Section 1 > (part 1)
halo_18f2191f_002_888147c47cb9,https://usehalo.com/guide/dashboards-guide/,Dashboards Guide,HaloPSA Academy,2,3,277,373,fixed_window,False,False,Dashboards Guide > Section 1 > (part 2)
halo_d3727b59_000_a25f5eef0304,https://usehalo.com/guide/ticket-viewing-and-filtering/,Ticket Viewing and Filtering,HaloPSA Academy,0,5,92,124,structural_h2,False,False,Ticket Viewing and Filtering
halo_d3727b59_001_19330a2c9212,https://usehalo.com/guide/ticket-viewing-and-filtering/,Ticket Viewing and Filtering,HaloPSA Academy,1,5,199,268,structural_h2,False,False,Ticket Viewing and Filtering > Section 1
halo_d3727b59_002_950ab4e6631a,https://usehalo.com/guide/ticket-viewing-and-filtering/,Ticket Viewing and Filtering,HaloPSA Academy,2,5,199,268,structural_h2,False,False,Ticket Viewing and Filtering > Section 2
halo_d3727b59_003_a8984f81081d,https://usehalo.com/guide/ticket-viewing-and-filtering/,Ticket Viewing and Filtering,HaloPSA Academy,3,5,199,268,structural_h2,False,False,Ticket Viewing and Filtering > Section 3
halo_d3727b59_004_f5dbeaba0dcb,https://usehalo.com/guide/ticket-viewing-and-filtering/,Ticket Viewing and Filtering,HaloPSA Academy,4,5,199,268,structural_h2,False,False,Ticket Viewing and Filtering > Section 4
halo_13b00d06_000_b2dca77bb39c,https://usehalo.com/guide/portal-ticket-logging/,Portal Ticket Logging,HaloPSA Academy,0,7,110,148,structural_h2,False,False,Portal Ticket Logging
halo_13b00d06_001_a9a377b1b0de,https://usehalo.com/guide/portal-ticket-logging/,Portal Ticket Logging,HaloPSA Academy,1,7,166,224,structural_h2,False,False,Portal Ticket Logging > Section 1
halo_13b00d06_002_e5147dc91795,https://usehalo.com/guide/portal-ticket-logging/,Portal Ticket Logging,HaloPSA Academy,2,7,166,224,structural_h2,False,False,Portal Ticket Logging > Section 2
halo_13b00d06_003_cc9a667d936e,https://usehalo.com/guide/portal-ticket-logging/,Portal Ticket Logging,HaloPSA Academy,3,7,166,224,structural_h2,False,False,Portal Ticket Logging > Section 3
halo_13b00d06_004_7882699c0f96,https://usehalo.com/guide/portal-ticket-logging/,Portal Ticket Logging,HaloPSA Academy,4,7,166,224,structural_h2,False,False,Portal Ticket Logging > Section 4
halo_13b00d06_005_508ef6fdd126,https://usehalo.com/guide/portal-ticket-logging/,Portal Ticket Logging,HaloPSA Academy,5,7,166,224,structural_h2,False,False,Portal Ticket Logging > Section 5
halo_13b00d06_006_46764e30b1af,https://usehalo.com/guide/portal-ticket-logging/,Portal Ticket Logging,HaloPSA Academy,6,7,166,224,structural_h2,False,False,Portal Ticket Logging > Section 6
halo_5e4cd1d4_000_b830a331320d,https://usehalo.com/guide/user-details-self-update/,User Details Self-Update,HaloPSA Academy,0,6,82,110,structural_h2,False,False,User Details Self-Update
halo_5e4cd1d4_001_d34dde8db211,https://usehalo.com/guide/user-details-self-update/,User Details Self-Update,HaloPSA Academy,1,6,154,207,structural_h2,False,False,User Details Self-Update > Section 1
halo_5e4cd1d4_002_d6f6b76cdc35,https://usehalo.com/guide/user-details-self-update/,User Details Self-Update,HaloPSA Academy,2,6,154,207,structural_h2,False,False,User Details Self-Update > Section 2
halo_5e4cd1d4_003_d3f43a6acb63,https://usehalo.com/guide/user-details-self-update/,User Details Self-Update,HaloPSA Academy,3,6,154,207,structural_h2,False,False,User Details Self-Update > Section 3
halo_5e4cd1d4_004_9f8993df932d,https://usehalo.com/guide/user-details-self-update/,User Details Self-Update,HaloPSA Academy,4,6,154,207,structural_h2,False,False,User Details Self-Update > Section 4
halo_5e4cd1d4_005_18d0556272be,https://usehalo.com/guide/user-details-self-update/,User Details Self-Update,HaloPSA Academy,5,6,154,207,structural_h2,False,False,User Details Self-Update > Section 5
halo_f0261b97_000_8a210ebe0a00,https://usehalo.com/guide/major-incidents/,Major Incidents,Service Desk,0,7,90,121,structural_h2,False,False,Major Incidents
halo_f0261b97_001_5259575d1970,https://usehalo.com/guide/major-incidents/,Major Incidents,Service Desk,1,7,134,180,structural_h2,False,False,Major Incidents > Section 1
halo_f0261b97_002_96c68329a497,https://usehalo.com/guide/major-incidents/,Major Incidents,Service Desk,2,7,134,180,structural_h2,False,False,Major Incidents > Section 2
halo_f0261b97_003_b3433790e097,https://usehalo.com/guide/major-incidents/,Major Incidents,Service Desk,3,7,134,180,structural_h2,False,False,Major Incidents > Section 3
halo_f0261b97_004_14d7e1a905fe,https://usehalo.com/guide/major-incidents/,Major Incidents,Service Desk,4,7,134,180,structural_h2,False,False,Major Incidents > Section 4
halo_f0261b97_005_9f8a93fdb21f,https://usehalo.com/guide/major-incidents/,Major Incidents,Service Desk,5,7,134,180,structural_h2,False,False,Major Incidents > Section 5
halo_f0261b97_006_3217dea927d2,https://usehalo.com/guide/major-incidents/,Major Incidents,Service Desk,6,7,134,180,structural_h2,False,False,Major Incidents > Section 6
halo_92c82fdd_000_b09081a7ad1c,https://usehalo.com/guide/user-creation-methods/,User Creation Methods,Configuration,0,5,89,120,structural_h2,False,False,User Creation Methods
halo_92c82fdd_001_f02b59e01273,https://usehalo.com/guide/user-creation-methods/,User Creation Methods,Configuration,1,5,195,263,structural_h2,False,False,User Creation Methods > Section 1
halo_92c82fdd_002_90b9915d8111,https://usehalo.com/guide/user-creation-methods/,User Creation Methods,Configuration,2,5,195,263,structural_h2,False,False,User Creation Methods > Section 2
halo_92c82fdd_003_a6abb99e2721,https://usehalo.com/guide/user-creation-methods/,User Creation Methods,Configuration,3,5,195,263,structural_h2,False,False,User Creation Methods > Section 3
halo_92c82fdd_004_d5a098de828b,https://usehalo.com/guide/user-creation-methods/,User Creation Methods,Configuration,4,5,195,263,structural_h2,False,False,User Creation Methods > Section 4
halo_2702c12a_000_70c5b192a6b8,https://usehalo.com/guide/sql-imports-and-halo-integrator/,SQL Imports and Halo Integrator,Data Import,0,4,52,70,structural_h2,False,False,SQL Imports and Halo Integrator
halo_2702c12a_001_693d30d40139,https://usehalo.com/guide/sql-imports-and-halo-integrator/,SQL Imports and Halo Integrator,Data Import,1,4,166,224,structural_h2,False,False,SQL Imports and Halo Integrator > Section 1
halo_2702c12a_002_18a9c95ebc44,https://usehalo.com/guide/sql-imports-and-halo-integrator/,SQL Imports and Halo Integrator,Data Import,2,4,166,224,structural_h2,False,False,SQL Imports and Halo Integrator > Section 2
halo_2702c12a_003_d7dda6689c6b,https://usehalo.com/guide/sql-imports-and-halo-integrator/,SQL Imports and Halo Integrator,Data Import,3,4,166,224,structural_h2,False,False,SQL Imports and Halo Integrator > Section 3
halo_639c7d83_000_389e0cadaa0d,https://usehalo.com/guide/internal-conversations/,Internal Conversations,Tickets,0,6,136,183,structural_h2,False,False,Internal Conversations
halo_639c7d83_001_928309c3dcfb,https://usehalo.com/guide/internal-conversations/,Internal Conversations,Tickets,1,6,236,318,structural_h2,False,False,Internal Conversations > Section 1
halo_639c7d83_002_2e45e027d2bb,https://usehalo.com/guide/internal-conversations/,Internal Conversations,Tickets,2,6,236,318,structural_h2,False,False,Internal Conversations > Section 2
halo_639c7d83_003_37cce9f07195,https://usehalo.com/guide/internal-conversations/,Internal Conversations,Tickets,3,6,236,318,structural_h2,False,False,Internal Conversations > Section 3
halo_639c7d83_004_0f2260dd340b,https://usehalo.com/guide/internal-conversations/,Internal Conversations,Tickets,4,6,236,318,structural_h2,False,False,Internal Conversations > Section 4
halo_639c7d83_005_5c6aa2ff423b,https://usehalo.com/guide/internal-conversations/,Internal Conversations,Tickets,5,6,236,318,structural_h2,False,False,Internal Conversations > Section 5
halo_5763ebbc_000_ae8fbe5ce374,https://usehalo.com/guide/custom-fields-creation-and-validation/,Custom Fields Creation and Validation,Configuration,0,3,72,97,structural_h2,False,False,Custom Fields Creation and Validation
halo_5763ebbc_001_f5c957cd122e,https://usehalo.com/guide/custom-fields-creation-and-validation/,Custom Fields Creation and Validation,Configuration,1,3,284,383,structural_h2,False,False,Custom Fields Creation and Validation > Section 1
halo_5763ebbc_002_2f06553e6b71,https://usehalo.com/guide/custom-fields-creation-and-validation/,Custom Fields Creation and Validation,Configuration,2,3,284,383,structural_h2,False,False,Custom Fields Creation and Validation > Section 2
halo_a2f3dec5_000_339d27a1c543,https://usehalo.com/guide/forwarding-actions-to-additional-emails/,Forwarding Actions to Additional Emails,Email Configuration,0,3,63,85,structural_h2,False,False,Forwarding Actions to Additional Emails
halo_a2f3dec5_001_990f126bcc9e,https://usehalo.com/guide/forwarding-actions-to-additional-emails/,Forwarding Actions to Additional Emails,Email Configuration,1,3,360,486,fixed_window,False,False,Forwarding Actions to Additional Emails > Section 1 > (part 1)
halo_a2f3dec5_002_f874fa2d3385,https://usehalo.com/guide/forwarding-actions-to-additional-emails/,Forwarding Actions to Additional Emails,Email Configuration,2,3,190,256,fixed_window,False,False,Forwarding Actions to Additional Emails > Section 1 > (part 2)
halo_0495fe14_000_24087c8631de,https://usehalo.com/guide/ticket-review-processing/,Ticket Review Processing,Tickets,0,5,157,211,structural_h2,False,False,Ticket Review Processing
halo_0495fe14_001_f381e24f2f49,https://usehalo.com/guide/ticket-review-processing/,Ticket Review Processing,Tickets,1,5,359,484,structural_h2,False,False,Ticket Review Processing > Section 1
halo_0495fe14_002_ba52cec657d4,https://usehalo.com/guide/ticket-review-processing/,Ticket Review Processing,Tickets,2,5,359,484,structural_h2,False,False,Ticket Review Processing > Section 2
halo_0495fe14_003_46c0baced322,https://usehalo.com/guide/ticket-review-processing/,Ticket Review Processing,Tickets,3,5,359,484,structural_h2,False,False,Ticket Review Processing > Section 3
halo_0495fe14_004_a3474676dadf,https://usehalo.com/guide/ticket-review-processing/,Ticket Review Processing,Tickets,4,5,359,484,structural_h2,False,False,Ticket Review Processing > Section 4
halo_ced16494_000_cb5360f5083c,https://usehalo.com/guide/time-entry-approval-rejection/,Time Entry Approval/Rejection,Tickets,0,5,127,171,structural_h2,False,False,Time Entry Approval/Rejection
halo_ced16494_001_079b5eb357ab,https://usehalo.com/guide/time-entry-approval-rejection/,Time Entry Approval/Rejection,Tickets,1,5,359,484,fixed_window,False,False,Time Entry Approval/Rejection > Section 1 > (part 1)
halo_ced16494_002_340ccf236dd2,https://usehalo.com/guide/time-entry-approval-rejection/,Time Entry Approval/Rejection,Tickets,2,5,245,330,fixed_window,False,False,Time Entry Approval/Rejection > Section 1 > (part 2)
halo_ced16494_003_60bd61864c43,https://usehalo.com/guide/time-entry-approval-rejection/,Time Entry Approval/Rejection,Tickets,3,5,359,484,fixed_window,False,False,Time Entry Approval/Rejection > Section 2 > (part 1)
halo_ced16494_004_626c33a22b20,https://usehalo.com/guide/time-entry-approval-rejection/,Time Entry Approval/Rejection,Tickets,4,5,245,330,fixed_window,False,False,Time Entry Approval/Rejection > Section 2 > (part 2)
halo_7c4f7ea9_000_9d8757124f65,https://usehalo.com/guide/progressive-web-application/,Progressive Web Application,Configuration,0,4,80,108,structural_h2,False,False,Progressive Web Application
halo_7c4f7ea9_001_80505dddc02c,https://usehalo.com/guide/progressive-web-application/,Progressive Web Application,Configuration,1,4,368,496,fixed_window,False,False,Progressive Web Application > Section 1 > (part 1)
halo_7c4f7ea9_002_07f3f8c8457a,https://usehalo.com/guide/progressive-web-application/,Progressive Web Application,Configuration,2,4,365,492,fixed_window,False,False,Progressive Web Application > Section 1 > (part 2)
halo_7c4f7ea9_003_72285cd19621,https://usehalo.com/guide/progressive-web-application/,Progressive Web Application,Configuration,3,4,51,68,fixed_window,False,False,Progressive Web Application > Section 1 > (part 3)
halo_d3945845_000_f47571ede962,https://usehalo.com/guide/lookups-sql-scripts/,Lookups (SQL Scripts),Configuration,0,3,59,79,structural_h2,False,False,Lookups (SQL Scripts)
halo_d3945845_001_eebc2671e0b3,https://usehalo.com/guide/lookups-sql-scripts/,Lookups (SQL Scripts),Configuration,1,3,247,333,structural_h2,False,False,Lookups (SQL Scripts) > Section 1
halo_d3945845_002_d49a4dc1bd1f,https://usehalo.com/guide/lookups-sql-scripts/,Lookups (SQL Scripts),Configuration,2,3,247,333,structural_h2,False,False,Lookups (SQL Scripts) > Section 2
halo_55710dd8_000_2ea3ccdab321,https://usehalo.com/guide/category-groups/,Category Groups,Ticket Rules,0,5,99,133,structural_h2,False,False,Category Groups
halo_55710dd8_001_ffeb06b71825,https://usehalo.com/guide/category-groups/,Category Groups,Ticket Rules,1,5,365,492,fixed_window,False,False,Category Groups > Section 1 > (part 1)
halo_55710dd8_002_c405ed8d91fa,https://usehalo.com/guide/category-groups/,Category Groups,Ticket Rules,2,5,127,171,fixed_window,False,False,Category Groups > Section 1 > (part 2)
halo_55710dd8_003_0878cb78b803,https://usehalo.com/guide/category-groups/,Category Groups,Ticket Rules,3,5,365,492,fixed_window,False,False,Category Groups > Section 2 > (part 1)
halo_55710dd8_004_7e8886e5ba98,https://usehalo.com/guide/category-groups/,Category Groups,Ticket Rules,4,5,127,171,fixed_window,False,False,Category Groups > Section 2 > (part 2)
halo_6519e75b_000_2f2db4cb4e92,https://usehalo.com/guide/creating-category-groups-and-ticket-rules/,Creating Category Groups and Ticket Rules,Ticket Rules,0,3,75,101,structural_h2,False,False,Creating Category Groups and Ticket Rules
halo_6519e75b_001_e93aecff4492,https://usehalo.com/guide/creating-category-groups-and-ticket-rules/,Creating Category Groups and Ticket Rules,Ticket Rules,1,3,338,456,structural_h2,False,False,Creating Category Groups and Ticket Rules > Section 1
halo_6519e75b_002_049318cd93c8,https://usehalo.com/guide/creating-category-groups-and-ticket-rules/,Creating Category Groups and Ticket Rules,Ticket Rules,2,3,338,456,structural_h2,False,False,Creating Category Groups and Ticket Rules > Section 2
halo_3351d922_000_4858dd14d9d1,https://usehalo.com/guide/service-access-configuration/,Service Access Configuration,Service Catalogue,0,3,82,110,structural_h2,False,False,Service Access Configuration
halo_3351d922_001_0d70b34d881c,https://usehalo.com/guide/service-access-configuration/,Service Access Configuration,Service Catalogue,1,3,371,500,structural_h2,False,False,Service Access Configuration > Section 1
halo_3351d922_002_3a5bae23740d,https://usehalo.com/guide/service-access-configuration/,Service Access Configuration,Service Catalogue,2,3,371,500,structural_h2,False,False,Service Access Configuration > Section 2
halo_cacb7e7d_000_37605156e361,https://usehalo.com/guide/service-details/,Service Details,Service Catalogue,0,6,90,121,structural_h2,False,False,Service Details
halo_cacb7e7d_001_adf64841ef7a,https://usehalo.com/guide/service-details/,Service Details,Service Catalogue,1,6,154,207,structural_h2,False,False,Service Details > Section 1
halo_cacb7e7d_002_593cbec0fa80,https://usehalo.com/guide/service-details/,Service Details,Service Catalogue,2,6,154,207,structural_h2,False,False,Service Details > Section 2
halo_cacb7e7d_003_5d151c0c2562,https://usehalo.com/guide/service-details/,Service Details,Service Catalogue,3,6,154,207,structural_h2,False,False,Service Details > Section 3
halo_cacb7e7d_004_34327419d225,https://usehalo.com/guide/service-details/,Service Details,Service Catalogue,4,6,154,207,structural_h2,False,False,Service Details > Section 4
halo_cacb7e7d_005_b80ccd3ced9c,https://usehalo.com/guide/service-details/,Service Details,Service Catalogue,5,6,154,207,structural_h2,False,False,Service Details > Section 5
halo_bbcf644a_000_65dfdd002d09,https://usehalo.com/guide/monitored-services/,Monitored Services,Service Catalogue,0,5,109,147,structural_h2,False,False,Monitored Services
halo_bbcf644a_001_2c370c57e7b3,https://usehalo.com/guide/monitored-services/,Monitored Services,Service Catalogue,1,5,360,486,fixed_window,False,False,Monitored Services > Section 1 > (part 1)
halo_bbcf644a_002_b4fea9559db5,https://usehalo.com/guide/monitored-services/,Monitored Services,Service Catalogue,2,5,125,168,fixed_window,False,False,Monitored Services > Section 1 > (part 2)
halo_bbcf644a_003_cf3333f91331,https://usehalo.com/guide/monitored-services/,Monitored Services,Service Catalogue,3,5,360,486,fixed_window,False,False,Monitored Services > Section 2 > (part 1)
halo_bbcf644a_004_b4fea9559db5,https://usehalo.com/guide/monitored-services/,Monitored Services,Service Catalogue,4,5,125,168,fixed_window,False,False,Monitored Services > Section 2 > (part 2)
halo_01e4d5bb_000_4c9e765e00f0,https://usehalo.com/guide/chat-configuration-with-ai-responses/,Chat Configuration with AI Responses,Service Desk,0,3,63,85,structural_h2,False,False,Chat Configuration with AI Responses
halo_01e4d5bb_001_5197f2749b5f,https://usehalo.com/guide/chat-configuration-with-ai-responses/,Chat Configuration with AI Responses,Service Desk,1,3,266,359,structural_h2,False,False,Chat Configuration with AI Responses > Section 1
halo_01e4d5bb_002_8e8b5bc07068,https://usehalo.com/guide/chat-configuration-with-ai-responses/,Chat Configuration with AI Responses,Service Desk,2,3,266,359,structural_h2,False,False,Chat Configuration with AI Responses > Section 2
halo_b88f78ae_000_440cd27e66e3,https://usehalo.com/guide/virtual-agents/,Virtual Agents,Service Desk,0,5,99,133,structural_h2,False,False,Virtual Agents
halo_b88f78ae_001_20947cb70fa0,https://usehalo.com/guide/virtual-agents/,Virtual Agents,Service Desk,1,5,219,295,structural_h2,False,False,Virtual Agents > Section 1
halo_b88f78ae_002_8519a271066d,https://usehalo.com/guide/virtual-agents/,Virtual Agents,Service Desk,2,5,219,295,structural_h2,False,False,Virtual Agents > Section 2
halo_b88f78ae_003_25557f67467e,https://usehalo.com/guide/virtual-agents/,Virtual Agents,Service Desk,3,5,219,295,structural_h2,False,False,Virtual Agents > Section 3
halo_b88f78ae_004_28b4431e5640,https://usehalo.com/guide/virtual-agents/,Virtual Agents,Service Desk,4,5,219,295,structural_h2,False,False,Virtual Agents > Section 4
halo_a0405513_000_f684e1f72db7,https://usehalo.com/guide/audit-log-configuration/,Audit Log Configuration,Configuration,0,7,108,145,structural_h2,False,False,Audit Log Configuration
halo_a0405513_001_1bf794f23657,https://usehalo.com/guide/audit-log-configuration/,Audit Log Configuration,Configuration,1,7,153,206,structural_h2,False,False,Audit Log Configuration > Section 1
halo_a0405513_002_3d1727e64df2,https://usehalo.com/guide/audit-log-configuration/,Audit Log Configuration,Configuration,2,7,153,206,structural_h2,False,False,Audit Log Configuration > Section 2
halo_a0405513_003_484d8a69bbd3,https://usehalo.com/guide/audit-log-configuration/,Audit Log Configuration,Configuration,3,7,153,206,structural_h2,False,False,Audit Log Configuration > Section 3
halo_a0405513_004_4099e30c8de5,https://usehalo.com/guide/audit-log-configuration/,Audit Log Configuration,Configuration,4,7,153,206,structural_h2,False,False,Audit Log Configuration > Section 4
halo_a0405513_005_15125672388c,https://usehalo.com/guide/audit-log-configuration/,Audit Log Configuration,Configuration,5,7,153,206,structural_h2,False,False,Audit Log Configuration > Section 5
halo_a0405513_006_fce11d8850f1,https://usehalo.com/guide/audit-log-configuration/,Audit Log Configuration,Configuration,6,7,153,206,structural_h2,False,False,Audit Log Configuration > Section 6
halo_ba940509_000_10de8be90863,https://usehalo.com/guide/redacting-sensitive-information/,Redacting Sensitive Information,Security,0,3,70,94,structural_h2,False,False,Redacting Sensitive Information
halo_ba940509_001_dd36429b6b3b,https://usehalo.com/guide/redacting-sensitive-information/,Redacting Sensitive Information,Security,1,3,368,496,fixed_window,False,False,Redacting Sensitive Information > Section 1 > (part 1)
halo_ba940509_002_940450dc98ee,https://usehalo.com/guide/redacting-sensitive-information/,Redacting Sensitive Information,Security,2,3,224,302,fixed_window,False,False,Redacting Sensitive Information > Section 1 > (part 2)
halo_f6be7373_000_98361a26da06,https://usehalo.com/guide/column-profiles/,Column Profiles,Configuration,0,6,107,144,structural_h2,False,False,Column Profiles
halo_f6be7373_001_f02b59e01273,https://usehalo.com/guide/column-profiles/,Column Profiles,Configuration,1,6,195,263,structural_h2,False,False,Column Profiles > Section 1
halo_f6be7373_002_90b9915d8111,https://usehalo.com/guide/column-profiles/,Column Profiles,Configuration,2,6,195,263,structural_h2,False,False,Column Profiles > Section 2
halo_f6be7373_003_a6abb99e2721,https://usehalo.com/guide/column-profiles/,Column Profiles,Configuration,3,6,195,263,structural_h2,False,False,Column Profiles > Section 3
halo_f6be7373_004_d5a098de828b,https://usehalo.com/guide/column-profiles/,Column Profiles,Configuration,4,6,195,263,structural_h2,False,False,Column Profiles > Section 4
halo_f6be7373_005_4868ee6980a9,https://usehalo.com/guide/column-profiles/,Column Profiles,Configuration,5,6,195,263,structural_h2,False,False,Column Profiles > Section 5
halo_cea81e68_000_4b1eb4a44775,https://usehalo.com/guide/default-views/,Default Views,Configuration,0,2,47,63,structural_h2,False,False,Default Views
halo_cea81e68_001_cd2c78189400,https://usehalo.com/guide/default-views/,Default Views,Configuration,1,2,346,467,structural_h2,False,False,Default Views > Section 1
halo_8d94848d_000_f19581302529,https://usehalo.com/guide/ticket-viewing-options/,Ticket Viewing Options,Viewing Tickets,0,3,82,110,structural_h2,False,False,Ticket Viewing Options
halo_8d94848d_001_ea41c7398e18,https://usehalo.com/guide/ticket-viewing-options/,Ticket Viewing Options,Viewing Tickets,1,3,340,459,structural_h2,False,False,Ticket Viewing Options > Section 1
halo_8d94848d_002_4edbd66febcc,https://usehalo.com/guide/ticket-viewing-options/,Ticket Viewing Options,Viewing Tickets,2,3,340,459,structural_h2,False,False,Ticket Viewing Options > Section 2
halo_c64aa067_000_c3f39a392517,https://usehalo.com/guide/custom-ticket-lists/,Custom Ticket Lists,Viewing Tickets,0,3,61,82,structural_h2,False,False,Custom Ticket Lists
halo_c64aa067_001_e202f02e1bdd,https://usehalo.com/guide/custom-ticket-lists/,Custom Ticket Lists,Viewing Tickets,1,3,238,321,structural_h2,False,False,Custom Ticket Lists > Section 1
halo_c64aa067_002_9e81fd61aa9b,https://usehalo.com/guide/custom-ticket-lists/,Custom Ticket Lists,Viewing Tickets,2,3,238,321,structural_h2,False,False,Custom Ticket Lists > Section 2
halo_0b6cba5c_000_7de667e6b9d5,https://usehalo.com/guide/auto-quantity-calculation/,Auto-Quantity Calculation,Billing,0,7,97,130,structural_h2,False,False,Auto-Quantity Calculation
halo_0b6cba5c_001_a93dcd685d5f,https://usehalo.com/guide/auto-quantity-calculation/,Auto-Quantity Calculation,Billing,1,7,144,194,structural_h2,False,False,Auto-Quantity Calculation > Section 1
halo_0b6cba5c_002_9ad5de0e4286,https://usehalo.com/guide/auto-quantity-calculation/,Auto-Quantity Calculation,Billing,2,7,144,194,structural_h2,False,False,Auto-Quantity Calculation > Section 2
halo_0b6cba5c_003_8248ab87882b,https://usehalo.com/guide/auto-quantity-calculation/,Auto-Quantity Calculation,Billing,3,7,144,194,structural_h2,False,False,Auto-Quantity Calculation > Section 3
halo_0b6cba5c_004_6e2f04945e82,https://usehalo.com/guide/auto-quantity-calculation/,Auto-Quantity Calculation,Billing,4,7,144,194,structural_h2,False,False,Auto-Quantity Calculation > Section 4
halo_0b6cba5c_005_1cd08dde346a,https://usehalo.com/guide/auto-quantity-calculation/,Auto-Quantity Calculation,Billing,5,7,144,194,structural_h2,False,False,Auto-Quantity Calculation > Section 5
halo_0b6cba5c_006_b2542293e1a4,https://usehalo.com/guide/auto-quantity-calculation/,Auto-Quantity Calculation,Billing,6,7,144,194,structural_h2,False,False,Auto-Quantity Calculation > Section 6
halo_791762b6_000_2aa9e2758695,https://usehalo.com/guide/agreement-setup-examples/,Agreement Setup Examples,Billing,0,7,148,199,structural_h2,False,False,Agreement Setup Examples
halo_791762b6_001_450aa7d613f1,https://usehalo.com/guide/agreement-setup-examples/,Agreement Setup Examples,Billing,1,7,217,292,structural_h2,False,False,Agreement Setup Examples > Section 1
halo_791762b6_002_1c8df7784030,https://usehalo.com/guide/agreement-setup-examples/,Agreement Setup Examples,Billing,2,7,217,292,structural_h2,False,False,Agreement Setup Examples > Section 2
halo_791762b6_003_ef6c509c0ab0,https://usehalo.com/guide/agreement-setup-examples/,Agreement Setup Examples,Billing,3,7,217,292,structural_h2,False,False,Agreement Setup Examples > Section 3
halo_791762b6_004_0de6d90a4af6,https://usehalo.com/guide/agreement-setup-examples/,Agreement Setup Examples,Billing,4,7,217,292,structural_h2,False,False,Agreement Setup Examples > Section 4
halo_791762b6_005_d449f4acd5f3,https://usehalo.com/guide/agreement-setup-examples/,Agreement Setup Examples,Billing,5,7,217,292,structural_h2,False,False,Agreement Setup Examples > Section 5
halo_791762b6_006_a7799043257a,https://usehalo.com/guide/agreement-setup-examples/,Agreement Setup Examples,Billing,6,7,217,292,structural_h2,False,False,Agreement Setup Examples > Section 6
halo_3373b45d_000_b6d0fcac0c27,https://usehalo.com/guide/subscription-count-based-quantities/,Subscription Count Based Quantities,Billing,0,4,81,109,structural_h2,False,False,Subscription Count Based Quantities
halo_3373b45d_001_9e83fdfc291c,https://usehalo.com/guide/subscription-count-based-quantities/,Subscription Count Based Quantities,Billing,1,4,236,318,structural_h2,False,False,Subscription Count Based Quantities > Section 1
halo_3373b45d_002_cf3214e39dc2,https://usehalo.com/guide/subscription-count-based-quantities/,Subscription Count Based Quantities,Billing,2,4,236,318,structural_h2,False,False,Subscription Count Based Quantities > Section 2
halo_3373b45d_003_4e65226bb49d,https://usehalo.com/guide/subscription-count-based-quantities/,Subscription Count Based Quantities,Billing,3,4,236,318,structural_h2,False,False,Subscription Count Based Quantities > Section 3
halo_54998762_000_1f437e9288e8,https://usehalo.com/guide/bulk-actions-on-tickets/,Bulk Actions on Tickets,Tickets,0,5,118,159,structural_h2,False,False,Bulk Actions on Tickets
halo_54998762_001_1ea9ab75e903,https://usehalo.com/guide/bulk-actions-on-tickets/,Bulk Actions on Tickets,Tickets,1,5,255,344,structural_h2,False,False,Bulk Actions on Tickets > Section 1
halo_54998762_002_3daa92b45555,https://usehalo.com/guide/bulk-actions-on-tickets/,Bulk Actions on Tickets,Tickets,2,5,255,344,structural_h2,False,False,Bulk Actions on Tickets > Section 2
halo_54998762_003_7e0c0430adfa,https://usehalo.com/guide/bulk-actions-on-tickets/,Bulk Actions on Tickets,Tickets,3,5,255,344,structural_h2,False,False,Bulk Actions on Tickets > Section 3
halo_54998762_004_4a34e1eb811d,https://usehalo.com/guide/bulk-actions-on-tickets/,Bulk Actions on Tickets,Tickets,4,5,255,344,structural_h2,False,False,Bulk Actions on Tickets > Section 4
